rank,person_name,rankings_school,citation_sum_openalex,citation_frac_authors_openalex,paper_count_frac_authors,unique_om_or_papers,first_year,last_year
1,Yiangos Papanastasiou,UC Berkeley (Haas),805.0,417.0000,4.3333,8,2017,2024
2,Jiri Chod,Boston College (Carroll),943.0,402.2000,1.8667,4,2017,2021
3,John R. Birge,Chicago (Booth),646.0,316.7500,1.2500,3,2018,2021
4,Siva Viswanathan,Maryland (Smith),609.0,304.5000,0.5000,1,2016,2016
5,Hau L. Lee,Stanford,686.0,295.3333,0.8333,2,2016,2018
6,Christopher S. Tang,UCLA (Anderson),688.0,288.9167,1.8333,5,2017,2025
7,Panos Kouvelis,WashU (Olin),603.0,283.8333,1.9167,5,2016,2024
8,Gerry Tsoukalas,Wharton (UPenn),1032.0,282.0333,1.7000,5,2017,2021
9,Jun Li,Michigan (Ross),790.0,278.3333,2.9167,8,2018,2025
10,David Simchi-Levi,MIT,791.0,276.2500,19.7667,40,2017,2025
11,Serguei Netessine,Wharton (UPenn),651.0,270.6667,3.3333,9,2019,2024
12,Kostas Bimpikis,Stanford,783.0,260.9167,3.0000,9,2016,2024
13,Soo-Haeng Cho,Carnegie Mellon (Tepper),708.0,259.5000,3.0000,8,2017,2024
14,Ming Hu,Toronto (Rotman),728.0,257.2500,4.2500,11,2016,2025
15,Georgia Perakis,MIT,715.0,229.7333,2.7000,9,2016,2025
16,Ruomeng Cui,Emory (Goizueta),668.0,222.6667,1.3333,4,2019,2020
17,Santiago Gallino,Dartmouth (Tuck),599.0,211.8333,1.5000,4,2017,2019
18,Robert Swinney,Duke (Fuqua),631.0,210.3333,1.0000,3,2016,2023
19,Fei Gao,Indiana (Kelley),467.0,207.6667,1.6667,4,2018,2024
20,Dennis J. Zhang,WashU (Olin),724.0,202.3571,1.2262,5,2019,2023
21,Nikolaos Trichakis,MIT,874.0,202.2000,2.7000,9,2018,2024
22,John Gunnar Carlsson,USC (Marshall),390.0,195.0000,0.5000,1,2018,2018
22,Siyuan Song,USC (Marshall),390.0,195.0000,0.5000,1,2018,2018
24,Maxime C. Cohen,MIT,526.0,175.3333,0.3333,1,2016,2016
24,Ruben Lobel,Wharton (UPenn),526.0,175.3333,0.3333,1,2016,2016
26,Dimitris Bertsimas,MIT,523.0,174.4167,1.9167,5,2016,2024
27,Christian Terwiesch,Wharton (UPenn),441.0,173.9833,1.2833,4,2017,2024
28,Alan Scheller-Wolf,Carnegie Mellon (Tepper),544.0,173.0000,1.2500,4,2016,2021
29,Joel Goh,Harvard,491.0,170.6667,1.1667,3,2016,2022
30,Hyoduk Shin,UC San Diego (Rady),403.0,166.5000,1.9167,5,2016,2021
31,Vishal V. Agrawal,UW (Foster),371.0,165.0000,1.3333,3,2017,2022
32,Zuo-Jun Max Shen,UC Berkeley (Haas),563.0,159.1071,1.3095,5,2017,2026
33,Hamed Mamani,UW (Foster),475.0,158.2000,1.2000,4,2017,2022
34,Juan Camilo Serpa,McGill (Desautels),369.0,156.4167,2.7500,7,2017,2025
35,Bradley R. Staats,UNC (Kenan-Flagler),541.0,150.5000,2.0833,6,2017,2022
36,Ilan Lobel,NYU (Stern),425.0,146.4167,2.2500,5,2016,2025
37,Achal Bassamboo,Northwestern (Kellogg),399.0,144.1667,3.0000,8,2016,2021
38,Tunay I. Tunca,Maryland (Smith),272.0,136.0000,0.5000,1,2018,2018
39,Paat Rusmevichientong,USC (Marshall),372.0,133.9667,2.0333,6,2017,2025
40,Xuanming Su,Wharton (UPenn),265.0,131.8333,1.3333,3,2017,2025
41,Jeffrey Pfeffer,Stanford,391.0,130.3333,0.3333,1,2016,2016
41,Stefanos A. Zenios,Stanford,391.0,130.3333,0.3333,1,2016,2016
43,Srikanth Jagabathula,NYU (Stern),280.0,130.0000,1.6667,4,2017,2023
44,Dan A. Iancu,Stanford,410.0,128.3333,1.2500,4,2017,2018
45,Di (Andrew) Wu,Michigan (Ross),249.0,126.5000,2.0833,4,2021,2024
46,Robert J. Batt,Wisconsin-Madison,252.0,125.6667,1.3333,3,2017,2025
47,Mark Weber,MIT,596.0,119.2000,0.2000,1,2020,2020
48,Tom Fangyun Tan,SMU (Cox),248.0,118.6667,1.3333,3,2019,2024
49,Maxime C. Cohen,McGill (Desautels),343.0,113.6667,1.8333,6,2020,2023
50,Vishal Gaur,Cornell,338.0,111.8333,1.7500,5,2016,2025
51,Harish Krishnan,UBC (Sauder),220.0,110.0000,1.8333,4,2017,2025
52,Suvrat Dhanorkar,Penn State (Smeal),123.0,109.6667,1.3333,2,2019,2022
53,Ioannis Bellos,Virginia (Darden),217.0,108.5000,0.5000,1,2017,2017
54,Ryan Webb,Toronto (Rotman),108.0,108.0000,1.0000,1,2019,2019
55,Retsef Levi,MIT,347.0,107.4762,2.6012,9,2017,2025
56,N. Bora Keskin,Duke (Fuqua),263.0,106.6667,2.0000,5,2020,2025
57,Jillian A. Berry Jaeker,Boston U (Questrom),212.0,106.0000,0.5000,1,2017,2017
58,Özalp Özer,UT Dallas,277.0,105.3333,2.3333,6,2016,2022
59,Zhuoxin Li,Boston College (Carroll),217.0,102.8333,0.8333,2,2017,2022
60,Mor Armony,NYU (Stern),262.0,102.0000,1.1667,3,2017,2021
61,Hessam Bavafa,Wisconsin-Madison,290.0,100.9000,1.8667,5,2018,2025
62,Vivek F. Farias,MIT,277.0,100.0000,2.0417,6,2017,2025
63,L. Beril Toktay,Georgia Tech (Scheller),325.0,97.7500,1.5000,5,2016,2024
64,Florenta Teodoridis,USC (Marshall),97.0,97.0000,1.0000,1,2018,2018
64,Roman Kapuscinski,Michigan (Ross),291.0,97.0000,1.0000,3,2016,2025
66,Gustaf Bellstam,UW (Foster),291.0,97.0000,0.3333,1,2021,2021
66,J. Anthony Cookson,Colorado (Leeds),291.0,97.0000,0.3333,1,2021,2021
66,Sanjai Bhagat,Colorado (Leeds),291.0,97.0000,0.3333,1,2021,2021
69,Jing-Sheng Song,Duke (Fuqua),239.0,96.8333,1.6667,4,2020,2025
70,Santiago R. Balseiro,Columbia,219.0,96.3333,1.6667,4,2018,2023
71,Eugen Dimant,Wharton (UPenn),96.0,96.0000,1.0000,1,2024,2024
72,Ruixue Guo,Stanford,286.0,95.3333,0.3333,1,2016,2016
73,Jordan Tong,Wisconsin-Madison,229.0,93.8333,1.6667,4,2017,2022
74,Nur Sunar,UNC (Kenan-Flagler),197.0,93.1667,1.3333,3,2019,2021
75,Jason Chan,Minnesota (Carlson),212.0,92.2500,0.7500,2,2018,2022
76,Pnina Feldman,Boston U (Questrom),268.0,91.3333,1.1667,3,2019,2023
77,Gérard P. Cachon,Wharton (UPenn),168.0,90.1667,1.8333,3,2019,2022
78,Omar Besbes,Columbia,259.0,90.0000,1.8333,5,2018,2023
79,Xiuli Chao,Michigan (Ross),273.0,89.6667,1.6667,5,2018,2023
80,Noureddine El Karoui,UC Berkeley (Haas),266.0,88.6667,0.3333,1,2018,2018
81,Nikolay Osadchiy,Emory (Goizueta),263.0,87.6667,0.6667,2,2016,2021
82,Hummy Song,Wharton (UPenn),355.0,86.1167,1.1167,4,2018,2024
83,Andrew M. Davis,Cornell,219.0,84.6250,2.5417,7,2018,2025
84,Erica L. Plambeck,Stanford,169.0,84.5000,1.0000,2,2019,2020
85,Karan Girotra,Cornell,250.0,83.3333,0.6667,2,2020,2020
86,Shiliang Cui,UW (Foster),249.0,83.0000,1.3333,4,2020,2022
87,Stephen Leider,Michigan (Ross),234.0,82.8750,1.8250,6,2016,2025
88,Foad Iravani,UW (Foster),248.0,82.6667,0.3333,1,2019,2019
88,Saed Alizamir,Yale,248.0,82.6667,0.3333,1,2019,2019
90,Lorin M. Hitt,Wharton (UPenn),241.0,80.3333,0.3333,1,2018,2018
91,Leela Nageswaran,UW (Foster),239.0,79.6667,1.3333,4,2020,2025
92,Marios Kokkodis,NYU (Stern),159.0,79.5000,0.5000,1,2016,2016
92,Panagiotis G. Ipeirotis,NYU (Stern),159.0,79.5000,0.5000,1,2016,2016
94,Jan A. Van Mieghem,Northwestern (Kellogg),321.0,79.0000,1.1667,4,2016,2022
95,Carri W. Chan,Columbia,258.0,78.9333,1.5333,5,2017,2025
96,Vishal Gupta,USC (Marshall),112.0,78.7500,2.5833,5,2019,2022
97,John J. Horton,NYU (Stern),78.0,78.0000,1.0000,1,2019,2019
98,Enno Siemsen,Wisconsin-Madison,171.0,76.1667,1.3333,3,2017,2023
99,Antonio Moreno,Northwestern (Kellogg),228.0,76.0000,0.3333,1,2017,2017
99,Ioannis Stamatopoulos,Northwestern (Kellogg),228.0,76.0000,0.3333,1,2017,2017
101,Atalay Atasu,Georgia Tech (Scheller),259.0,75.7500,0.8333,3,2016,2019
102,Yao Cui,Cornell,227.0,75.6667,1.0000,3,2018,2024
103,Tony Haitao Cui,Minnesota (Carlson),205.0,75.5000,0.8333,2,2016,2018
104,Lingxiu Dong,WashU (Olin),272.0,75.5000,0.5000,2,2019,2023
105,Anita L. Tucker,Boston U (Questrom),323.0,75.4500,0.4500,2,2018,2020
106,Shima Nassiri,UW (Foster),226.0,75.3333,0.6667,2,2017,2017
107,Sheng Liu,Toronto (Rotman),226.0,75.3333,0.3333,1,2021,2021
108,He Wang,Georgia Tech (Scheller),179.0,74.3333,1.1667,3,2019,2025
109,Basak Kalkanci,Georgia Tech (Scheller),148.0,74.0000,1.0000,2,2020,2026
110,Hamsa Bastani,Wharton (UPenn),190.0,73.3333,3.1667,7,2019,2026
111,Gilvan C. Souza,Indiana (Kelley),146.0,73.0000,0.5000,1,2022,2022
112,Christos Zacharias,Florida (Warrington),145.0,72.5000,1.0000,2,2017,2020
113,Adam N. Elmachtoub,Columbia,210.0,71.7500,2.5833,7,2021,2026
114,Nathan Kallus,Cornell,153.0,71.5000,2.3333,5,2020,2023
115,Laurens Debo,Chicago (Booth),213.0,71.0000,0.3333,1,2016,2016
116,Daniela Saban,Stanford,152.0,70.7500,1.9167,5,2021,2025
117,Ashish Kabra,Maryland (Smith),210.0,70.0000,0.6667,2,2020,2026
118,Yonatan Gur,Stanford,141.0,69.5000,1.1667,3,2019,2022
119,Ian Larkin,UCLA (Anderson),200.0,69.1667,0.8333,2,2018,2022
120,Shayan Ehsani,Stanford,205.0,68.3333,0.6667,2,2019,2019
121,Izak Duenyas,Michigan (Ross),204.0,68.0000,1.8667,6,2016,2025
122,Yong-Pin Zhou,UW (Foster),164.0,67.5000,1.1667,3,2018,2022
123,Greys Sošić,USC (Marshall),249.0,67.1333,1.5333,3,2019,2023
124,Boxiao Chen,UIUC (Gies),187.0,67.0833,1.6667,5,2020,2024
125,Kyle Hyndman,UT Dallas,165.0,66.6250,1.8750,5,2018,2025
126,Laurens Debo,Dartmouth (Tuck),186.0,65.5000,1.5000,4,2017,2023
127,Nan Liu,Boston College (Carroll),236.0,64.4667,1.1167,4,2019,2023
128,Karen Donohue,Minnesota (Carlson),190.0,63.3333,0.6667,2,2016,2019
129,Chris Parker,UW (Foster),126.0,63.0000,0.5000,1,2021,2021
129,Jorge Mejia,Indiana (Kelley),126.0,63.0000,0.5000,1,2021,2021
131,Marshall Fisher,Wharton (UPenn),188.0,62.6667,0.3333,1,2018,2018
132,Lamar Pierce,WashU (Olin),185.0,61.6667,0.3333,1,2018,2018
133,Elena Belavina,Chicago (Booth),184.0,61.3333,0.3333,1,2017,2017
134,Song-Hee Kim,USC (Marshall),186.0,60.4167,1.2500,4,2020,2021
135,Jingxing (Rowena) Gan,SMU (Cox),181.0,60.3333,0.3333,1,2021,2021
136,Assaf Zeevi,Columbia,157.0,60.0000,1.1667,3,2018,2024
137,Hamid Nazerzadeh,USC (Marshall),135.0,59.5000,1.3333,3,2016,2022
138,Ken Moon,Wharton (UPenn),229.0,58.1833,1.4333,6,2018,2024
139,Jiawei Zhang,NYU (Stern),207.0,57.4167,1.1667,4,2016,2025
140,Guillaume Roels,UCLA (Anderson),142.0,57.3333,0.8333,2,2016,2017
141,David B. Brown,Duke (Fuqua),132.0,56.5000,1.3333,3,2020,2024
142,Yanchong Zheng,MIT,163.0,56.1667,1.1667,3,2016,2020
143,Huseyin Topaloglu,Cornell,216.0,55.9667,1.0333,4,2020,2025
144,Arash Asadpour,NYU (Stern),136.0,55.9167,1.0833,3,2016,2020
145,Nicholas C. Petruzzi,Penn State (Smeal),167.0,55.6667,0.3333,1,2017,2017
146,Ryan W. Buell,Harvard,68.0,55.5000,1.8333,3,2017,2021
147,Jessica A. Wachter,Wharton (UPenn),110.0,55.0000,0.5000,1,2019,2019
148,Daniel Feiler,Dartmouth (Tuck),112.0,54.8333,1.3333,3,2017,2023
149,Xiao Lei,Columbia,176.0,54.7500,0.5833,2,2021,2022
150,Jing Dong,Columbia,156.0,54.4167,1.7500,5,2018,2026
151,William Schmidt,Cornell,145.0,54.1667,1.3333,3,2017,2022
152,Yinghao Zhang,Maryland (Smith),162.0,54.0000,0.3333,1,2016,2016
153,Mika Sumida,Cornell,199.0,53.1333,0.5333,2,2020,2021
154,Yash Kanoria,Columbia,119.0,52.8333,1.5833,4,2020,2025
155,Yining Wang,Florida (Warrington),168.0,52.7500,0.9167,3,2021,2022
156,Brett Hemenway Falk,Wharton (UPenn),105.0,52.5000,0.5000,1,2020,2020
157,Fernando Bernstein,Duke (Fuqua),157.0,52.3333,0.6667,2,2016,2018
158,Yue Zhang,Penn State (Smeal),103.0,51.5000,1.0000,2,2020,2025
159,Francisco Castro,UCLA (Anderson),153.0,51.0000,0.6667,2,2021,2025
160,Costis Maglaras,Columbia,185.0,50.8333,0.5833,2,2017,2018
161,David A. Goldberg,Georgia Tech (Scheller),99.0,49.5000,0.5000,1,2018,2018
161,Linwei Xin,UIUC (Gies),99.0,49.5000,0.5000,1,2018,2018
163,Philipp Afèche,Toronto (Rotman),98.0,49.0000,0.5000,1,2016,2016
164,Katherine L. Milkman,Wharton (UPenn),192.0,48.5833,0.7262,3,2017,2025
165,Daria Dzyabura,NYU (Stern),97.0,48.5000,0.5000,1,2018,2018
166,William S. Lovejoy,Michigan (Ross),109.0,47.6667,0.8333,2,2016,2018
167,Fei Gao,Wharton (UPenn),95.0,47.5000,0.5000,1,2017,2017
168,Joline Uichanco,Michigan (Ross),141.0,47.0000,0.6667,2,2018,2021
169,David Hofmann,UNC (Kenan-Flagler),185.0,46.2500,0.2500,1,2017,2017
169,Hengchen Dai,WashU (Olin),185.0,46.2500,0.2500,1,2017,2017
171,Manel Baucells,Virginia (Darden),92.0,46.0000,1.5000,3,2017,2020
172,Fernanda Bravo,UCLA (Anderson),92.0,45.7500,0.7500,2,2019,2025
173,Robert L. Bray,Northwestern (Kellogg),114.0,45.3333,1.3333,2,2019,2019
174,Huanan Zhang,Penn State (Smeal),167.0,45.3333,0.5000,2,2018,2020
175,Peng Shi,USC (Marshall),77.0,45.0000,2.5000,3,2020,2025
176,Timothy C. Y. Chan,Toronto (Rotman),130.0,44.5833,1.5595,5,2016,2025
177,Leon Yang Chu,USC (Marshall),133.0,44.3333,0.6667,2,2017,2020
178,J. George Shanthikumar,Purdue (Daniels),149.0,44.0667,1.7333,6,2019,2025
179,Pornpawee Bumpensanti,Georgia Tech (Scheller),88.0,44.0000,0.5000,1,2020,2020
180,Ximin (Natalie) Huang,Minnesota (Carlson),132.0,44.0000,0.3333,1,2019,2019
181,Masha Shunko,UW (Foster),141.0,43.8333,1.0833,3,2018,2022
182,Andrew E. Frazelle,UT Dallas,131.0,43.6667,0.3333,1,2023,2023
183,Qi Feng,Purdue (Daniels),145.0,43.2667,1.5333,5,2019,2025
184,Maria R. Ibanez,Harvard,172.0,43.0000,0.2500,1,2018,2018
184,Robert S. Huckman,Harvard,172.0,43.0000,0.2500,1,2018,2018
186,George P. Ball,Indiana (Kelley),129.0,42.5833,0.5833,2,2017,2026
187,Ozan Candogan,Chicago (Booth),122.0,42.5000,2.0000,5,2018,2025
188,Joseph Milner,Toronto (Rotman),127.0,42.3333,0.3333,1,2016,2016
189,Diwas S. KC,Emory (Goizueta),145.0,41.7500,0.5833,2,2018,2020
189,Francesca Gino,Harvard,145.0,41.7500,0.5833,2,2018,2020
191,Anindya Ghose,NYU (Stern),124.0,41.3333,0.3333,1,2021,2021
191,Rachna Shah,Minnesota (Carlson),124.0,41.3333,0.3333,1,2017,2017
191,Yuqian Xu,UIUC (Gies),124.0,41.3333,0.3333,1,2021,2021
194,Qiuping Yu,Georgia Tech (Scheller),122.0,40.6667,1.0000,3,2021,2022
195,Elena Katok,UT Dallas,138.0,40.1083,2.1583,7,2018,2024
196,Ali Jadbabaie,MIT,118.0,39.6667,0.8333,2,2018,2023
196,Amir Ajorlou,MIT,118.0,39.6667,0.8333,2,2018,2023
198,Morris A. Cohen,Wharton (UPenn),118.0,39.3333,0.6667,2,2016,2024
198,Ruihao Zhu,Indiana (Kelley),118.0,39.3333,0.6667,2,2022,2022
200,Maria R. Ibanez,Northwestern (Kellogg),78.0,39.0000,0.5000,1,2020,2020
200,Michael W. Toffel,Harvard,78.0,39.0000,0.5000,1,2020,2020
202,Ali Kakhbod,MIT,116.0,38.6667,0.3333,1,2018,2018
203,Jónas Oddur Jónasson,MIT,118.0,38.2500,1.5000,4,2021,2024
204,So Yeon Chun,UW (Foster),85.0,37.6667,1.3333,3,2017,2020
205,Michael R. Wagner,UW (Foster),99.0,37.6667,0.8333,2,2017,2021
206,Xin Chen,UIUC (Gies),116.0,37.1667,0.5833,2,2017,2019
207,Daniel Granot,UBC (Sauder),171.0,37.1333,0.5333,2,2021,2021
207,Frieda Granot,UBC (Sauder),171.0,37.1333,0.5333,2,2021,2021
209,Jose A. Guajardo,UC Berkeley (Haas),111.0,37.0000,0.3333,1,2016,2016
210,Stefanus Jasin,Michigan (Ross),117.0,36.7500,0.5833,2,2016,2022
211,Ozge Sahin,Johns Hopkins (Carey),110.0,36.6667,0.6667,2,2018,2019
212,Itai Ashlagi,Stanford,85.0,36.5000,1.1667,3,2021,2024
213,Yaroslav Rosokha,Purdue (Daniels),106.0,36.3333,0.8333,2,2018,2024
214,Pengyi Shi,Purdue (Daniels),181.0,36.2000,0.5333,2,2016,2025
215,J. G. Dai,Cornell,181.0,36.2000,0.2000,1,2016,2016
216,Will Ma,Columbia,83.0,36.0833,2.2500,5,2021,2025
217,Somya Singhvi,MIT,108.0,36.0000,0.3333,1,2020,2020
218,David Rosenthal,Columbia,141.0,35.2500,0.2500,1,2018,2018
218,Margaret E. Kruk,Harvard,141.0,35.2500,0.2500,1,2018,2018
218,Nan Liu,Columbia,141.0,35.2500,0.2500,1,2018,2018
221,Vineet Goyal,Columbia,160.0,35.0833,0.5417,3,2020,2026
222,George Loewenstein,Carnegie Mellon (Tepper),136.0,35.0000,1.0000,3,2022,2025
223,James E. Smith,Dartmouth (Tuck),70.0,35.0000,0.5000,1,2020,2020
224,Cong Shi,Penn State (Smeal),105.0,35.0000,0.3333,1,2020,2020
225,Christopher J. Chen,Indiana (Kelley),103.0,34.3333,0.6667,2,2021,2023
226,Tian Heong Chan,Emory (Goizueta),101.0,33.6667,0.6667,2,2018,2019
227,Tinglong Dai,Johns Hopkins (Carey),92.0,33.5000,2.0000,5,2020,2024
228,Necati Tereyağoğlu,Georgia Tech (Scheller),100.0,33.3333,0.6667,2,2018,2018
229,Nick Arnosti,Columbia,66.0,33.0000,1.0000,2,2020,2022
230,Itai Ashlagi,MIT,66.0,33.0000,0.5000,1,2016,2016
230,James R. Luedtke,Wisconsin-Madison,66.0,33.0000,0.5000,1,2017,2017
230,Merve Bodur,Toronto (Rotman),66.0,33.0000,0.5000,1,2017,2017
230,Peng Shi,MIT,66.0,33.0000,0.5000,1,2016,2016
234,James Siderius,MIT,72.0,32.5000,1.8333,4,2022,2023
234,Mohamed Mostagir,Michigan (Ross),72.0,32.5000,1.8333,4,2022,2023
236,Sezer Ülkü,UW (Foster),97.0,32.3333,0.6667,2,2020,2022
237,Diwas Singh KC,Emory (Goizueta),32.0,32.0000,1.0000,1,2020,2020
238,Ali K. Parlaktürk,UNC (Kenan-Flagler),64.0,32.0000,0.5000,1,2019,2019
238,Andrew A. Li,MIT,64.0,32.0000,0.5000,1,2019,2019
238,Mustafa O. Kabul,UNC (Kenan-Flagler),64.0,32.0000,0.5000,1,2019,2019
241,Derya Demirtas,Toronto (Rotman),96.0,32.0000,0.3333,1,2016,2016
241,Roy H. Kwon,Toronto (Rotman),96.0,32.0000,0.3333,1,2016,2016
241,Sajad Modaresi,UNC (Kenan-Flagler),96.0,32.0000,0.3333,1,2018,2018
244,Abhishek Roy,Wharton (UPenn),99.0,31.7500,0.5833,2,2019,2023
245,Özlem Ergun,Northeastern,127.0,31.7500,0.5000,2,2016,2018
246,Gustavo Vulcano,NYU (Stern),127.0,31.7500,0.2500,1,2016,2016
247,Kevin Shang,Duke (Fuqua),96.0,31.4667,1.2000,4,2016,2024
248,Hyun-Soo Ahn,Michigan (Ross),94.0,31.3333,0.6667,2,2018,2022
249,Ambar La Forgia,UC Berkeley (Haas),34.0,31.0000,1.5000,2,2023,2025
250,Serhan Ziya,UNC (Kenan-Flagler),93.0,31.0000,1.0000,3,2018,2022
251,Yixin (Iris) Wang,UIUC (Gies),122.0,31.0000,0.7833,3,2021,2025
252,Ravi Anupindi,Michigan (Ross),122.0,31.0000,0.5833,2,2021,2023
253,Itai Gurvich,Cornell,79.0,30.6667,0.8333,2,2018,2019
254,Ann Melissa Campbell,Iowa (Tippie),92.0,30.6667,0.3333,1,2022,2022
254,Barrett W. Thomas,Iowa (Tippie),92.0,30.6667,0.3333,1,2022,2022
254,Sara Reed,Iowa (Tippie),92.0,30.6667,0.3333,1,2022,2022
254,Upender Subramanian,UT Dallas,92.0,30.6667,0.3333,1,2018,2018
254,Vivek Farias,MIT,92.0,30.6667,0.3333,1,2021,2021
259,Mila Nambiar,MIT,91.0,30.3333,0.3333,1,2019,2019
259,Ruth Beer,Indiana (Kelley),91.0,30.3333,0.3333,1,2018,2018
261,Qi (George) Chen,Michigan (Ross),90.0,30.0000,0.3333,1,2016,2016
262,Soroush Saghafian,Harvard,81.0,29.8000,1.4000,3,2018,2023
263,Hailong Cui,USC (Marshall),149.0,29.8000,0.2000,1,2021,2021
263,Sanjith Gopalakrishnan,UBC (Sauder),149.0,29.8000,0.2000,1,2021,2021
265,Yuexing Li,Duke (Fuqua),89.0,29.6667,0.3333,1,2022,2022
266,Milind Dawande,UT Dallas,116.0,29.5833,1.5833,6,2016,2025
267,Aravind Chandrasekaran,Ohio State (Fisher),147.0,29.4000,0.2000,1,2016,2016
267,Peter T. Ward,Ohio State (Fisher),147.0,29.4000,0.2000,1,2016,2016
267,Susan D. Moffatt-Bruce,Ohio State (Fisher),147.0,29.4000,0.2000,1,2016,2016
270,Varun Gupta,Chicago (Booth),88.0,29.3333,1.0000,3,2017,2025
271,Gonzalo Romero,Toronto (Rotman),87.0,29.0000,0.6667,2,2017,2021
272,Haim Mendelson,Stanford,86.0,28.6667,0.3333,1,2018,2018
273,Mohsen Bayati,Stanford,87.0,28.5000,0.9167,3,2019,2024
274,Tallys Yunes,Florida (Warrington),57.0,28.5000,0.5000,1,2020,2020
275,Subodha Kumar,Wharton (UPenn),102.0,28.2500,0.8333,3,2023,2023
276,Vish Krishnan,UC San Diego (Rady),98.0,28.1667,0.5833,2,2020,2021
277,Peng Sun,Duke (Fuqua),63.0,27.6667,1.1667,3,2018,2024
278,Agostino Capponi,Columbia,85.0,27.5667,1.7000,5,2021,2025
279,Bryan K. Bollinger,NYU (Stern),55.0,27.5000,0.5000,1,2020,2020
279,Wesley R. Hartmann,Stanford,55.0,27.5000,0.5000,1,2020,2020
281,Barış Ata,Chicago (Booth),82.0,27.3333,0.8333,2,2017,2025
282,Sridhar Tayur,Carnegie Mellon (Tepper),82.0,27.3333,0.5833,2,2017,2025
283,Anton Skaro,Northwestern (Kellogg),82.0,27.3333,0.3333,1,2017,2017
283,Uday S. Karmarkar,UCLA (Anderson),82.0,27.3333,0.3333,1,2016,2016
285,Velibor V. Mišić,UCLA (Anderson),54.0,27.0000,1.0000,2,2022,2022
286,Daniel Andrei,McGill (Desautels),54.0,27.0000,0.5000,1,2020,2020
286,Michael Hasler,UT Dallas,54.0,27.0000,0.5000,1,2020,2020
286,Ramandeep Singh Randhawa,USC (Marshall),54.0,27.0000,0.5000,1,2016,2016
286,Ruomeng Cui,Indiana (Kelley),54.0,27.0000,0.5000,1,2018,2018
290,Alireza Tahbaz-Salehi,Northwestern (Kellogg),81.0,27.0000,0.3333,1,2019,2019
291,Fangruo Chen,Columbia,79.0,26.3333,0.3333,1,2016,2016
291,Wenqiang Xiao,NYU (Stern),79.0,26.3333,0.3333,1,2016,2016
293,Wenchang Zhang,Indiana (Kelley),92.0,26.0833,0.9167,3,2020,2026
294,Jayashankar M. Swaminathan,UNC (Kenan-Flagler),52.0,26.0000,0.5000,1,2021,2021
295,Süleyman Demirel,Michigan (Ross),78.0,26.0000,0.3333,1,2018,2018
296,Guihua Wang,UT Dallas,39.0,25.6667,1.3333,2,2022,2022
297,Michael Jong Kim,Toronto (Rotman),51.0,25.5000,0.5000,1,2016,2016
298,Chun Ye,UW (Foster),101.0,25.2500,0.2500,1,2020,2020
299,Hao Zhang,UBC (Sauder),61.0,25.1667,1.8333,3,2018,2023
300,Susan Feng Lu,Purdue (Daniels),52.0,25.0000,1.3333,3,2017,2022
301,Diana M. Negoescu,Minnesota (Carlson),100.0,25.0000,0.2500,1,2018,2018
301,Margaret L. Brandeau,Stanford,100.0,25.0000,0.2500,1,2018,2018
301,Nicola Secomandi,Carnegie Mellon (Tepper),100.0,25.0000,0.2500,1,2016,2016
301,Stephen Smith,Carnegie Mellon (Tepper),100.0,25.0000,0.2500,1,2016,2016
305,Hau Lee,Stanford,52.0,24.8333,1.1667,3,2017,2025
306,Saša Pekeč,Duke (Fuqua),81.0,24.8333,1.0833,3,2018,2022
307,Shi Chen,UW (Foster),52.0,24.8333,0.8333,2,2017,2024
308,Silvia Saccardo,Carnegie Mellon (Tepper),97.0,24.7500,0.8333,3,2022,2025
309,Allison O’Hair,Stanford,99.0,24.7500,0.2500,1,2016,2016
309,John Silberholz,MIT,99.0,24.7500,0.2500,1,2016,2016
309,Stephen Relyea,MIT,99.0,24.7500,0.2500,1,2016,2016
312,Michael K. Lim,UIUC (Gies),74.0,24.6667,0.3333,1,2017,2017
313,Alvin E. Roth,Stanford,49.0,24.5000,0.5000,1,2021,2021
313,Nora Szech,UNC (Kenan-Flagler),49.0,24.5000,0.5000,1,2018,2018
315,Xi Chen,NYU (Stern),73.0,24.3333,0.6667,2,2022,2025
316,Hengchen Dai,UCLA (Anderson),153.0,24.0238,0.3095,2,2019,2023
317,Nan Yang,Florida (Warrington),72.0,24.0000,0.3333,1,2021,2021
317,Peter S. Fader,Wharton (UPenn),72.0,24.0000,0.3333,1,2018,2018
317,Senthil Veeraraghavan,Wharton (UPenn),72.0,24.0000,0.3333,1,2018,2018
320,P. B. (Seethu) Seetharaman,WashU (Olin),55.0,23.8333,0.8333,2,2018,2022
321,Ali Makhdoumi,Duke (Fuqua),82.0,23.6667,0.9167,3,2021,2025
322,Maxime C. Cohen,NYU (Stern),101.0,23.4000,0.4500,2,2019,2019
323,Itai Gurvich,Northwestern (Kellogg),116.0,23.3333,1.0000,3,2016,2025
324,Azarakhsh Malekian,Toronto (Rotman),81.0,23.3333,0.5833,2,2021,2022
325,Vijay Mookerjee,UT Dallas,93.0,23.2500,0.5000,2,2016,2018
326,Marta Serra-Garcia,UC San Diego (Rady),46.0,23.0000,1.0000,2,2023,2025
327,Simone Marinesi,Wharton (UPenn),69.0,23.0000,0.6667,2,2018,2023
328,Yi-Chun Chen,UCLA (Anderson),46.0,23.0000,0.5000,1,2022,2022
329,Kay Giesecke,Stanford,48.0,22.8000,0.7000,2,2019,2022
330,Andras Molnar,Chicago (Booth),91.0,22.7500,0.2500,1,2022,2022
330,Russell Golman,Carnegie Mellon (Tepper),91.0,22.7500,0.2500,1,2022,2022
332,Nikolaos Trichakis,Harvard,68.0,22.6667,0.3333,1,2017,2017
332,Özlem Yıldız,Virginia (Darden),68.0,22.6667,0.3333,1,2019,2019
334,Li Chen,Cornell,54.0,22.5000,1.1667,3,2021,2025
335,Garud Iyengar,Columbia,92.0,22.4000,0.7000,3,2020,2023
336,Hans B. Christensen,Chicago (Booth),67.0,22.3333,0.3333,1,2020,2020
336,Mark Maffett,Chicago (Booth),67.0,22.3333,0.3333,1,2020,2020
338,Juan Pablo Vielma,MIT,22.0,22.0000,1.0000,1,2018,2018
339,Justin Sirignano,UIUC (Gies),44.0,22.0000,0.5000,1,2019,2019
339,Vibhuti Dhingra,UBC (Sauder),44.0,22.0000,0.5000,1,2021,2021
341,Asa B. Palley,Indiana (Kelley),52.0,21.9167,1.0833,3,2023,2025
342,Damian R. Beil,Michigan (Ross),65.0,21.6667,0.6667,2,2019,2022
343,Douglas R. Bish,Virginia Tech (Pamplin),65.0,21.6667,0.3333,1,2019,2019
343,Ebru K. Bish,Virginia Tech (Pamplin),65.0,21.6667,0.3333,1,2019,2019
343,Hrayer Aprahamian,Texas A&M (Mays),65.0,21.6667,0.3333,1,2019,2019
343,Maqbool Dada,Johns Hopkins (Carey),65.0,21.6667,0.3333,1,2019,2019
343,Ruxian Wang,Johns Hopkins (Carey),65.0,21.6667,0.3333,1,2019,2019
348,Felipe Caro,UCLA (Anderson),64.0,21.3333,0.3333,1,2021,2021
349,Anton Ovchinnikov,MIT,42.0,21.0000,0.5000,1,2019,2019
349,Michael Ketzenberg,Texas A&M (Mays),42.0,21.0000,0.5000,1,2022,2022
349,Silvia Bellezza,Columbia,42.0,21.0000,0.5000,1,2017,2017
349,Xin Wang,Carnegie Mellon (Tepper),42.0,21.0000,0.5000,1,2017,2017
353,Andre A. Cire,Toronto (Rotman),40.0,20.0000,1.0000,2,2018,2025
354,Robert A. Shumsky,Dartmouth (Tuck),60.0,20.0000,0.6667,2,2017,2023
355,Feng Tian,Michigan (Ross),40.0,20.0000,0.5000,1,2018,2018
356,Luyi Yang,Chicago (Booth),60.0,20.0000,0.3333,1,2017,2017
357,Shouqiang Wang,UT Dallas,60.0,19.9167,1.2500,4,2017,2025
358,Karthik Ramachandran,Georgia Tech (Scheller),49.0,19.8333,0.8333,2,2018,2021
359,Maryam Kouchaki,Northwestern (Kellogg),79.0,19.7500,0.2500,1,2020,2020
360,Bradley Sturt,UIUC (Gies),59.0,19.6667,1.3333,2,2023,2025
361,Neda Mirzaeian,Carnegie Mellon (Tepper),59.0,19.6667,0.3333,1,2021,2021
362,Mingliu Chen,UT Dallas,39.0,19.5000,0.8333,2,2024,2026
363,Cong Shi,Michigan (Ross),89.0,19.3333,0.5000,2,2018,2021
364,Chen Chen,Chicago (Booth),57.0,19.0000,0.3333,1,2021,2021
364,Nilay Tanık Argon,UNC (Kenan-Flagler),57.0,19.0000,0.3333,1,2018,2018
366,Li Wang,MIT,59.0,18.8667,0.8667,3,2021,2023
367,Alok Gupta,Minnesota (Carlson),70.0,18.7500,0.5833,2,2022,2024
368,Xianjun Geng,UT Dallas,75.0,18.7500,0.2500,1,2016,2016
369,Ebrahim Barzegary,UW (Foster),56.0,18.6667,0.3333,1,2023,2023
369,Hema Yoganarasimhan,UW (Foster),56.0,18.6667,0.3333,1,2023,2023
369,Kevin W. Linderman,Minnesota (Carlson),56.0,18.6667,0.3333,1,2018,2018
369,Suvrat S. Dhanorkar,Penn State (Smeal),56.0,18.6667,0.3333,1,2018,2018
373,Edieal Pinker,Yale,37.0,18.5000,0.5000,1,2019,2019
373,Mariya Bondareva,Chicago (Booth),37.0,18.5000,0.5000,1,2019,2019
375,Vinayak Deshpande,UNC (Kenan-Flagler),66.0,18.3333,0.5833,2,2017,2021
376,John Yao,Columbia,55.0,18.3333,0.3333,1,2018,2018
377,Brad Greenwood,Virginia (Darden),73.0,18.2500,0.2500,1,2020,2020
377,Jeffery McCullough,Michigan (Ross),73.0,18.2500,0.2500,1,2020,2020
377,Kartik K. Ganju,McGill (Desautels),73.0,18.2500,0.2500,1,2020,2020
380,Xiaoyang Long,Wisconsin-Madison,74.0,18.2083,0.4583,2,2020,2023
381,Jay Sethuraman,Columbia,75.0,18.1500,1.0333,4,2020,2025
382,Samantha M. Keppler,Michigan (Ross),44.0,18.0000,1.3333,2,2022,2024
383,Miguel A. Lejeune,UW (Foster),36.0,18.0000,1.0000,2,2018,2020
384,Mehmet Sekip Altug,Virginia (Darden),54.0,18.0000,0.3333,1,2021,2021
385,Qingxia Kong,SMU (Cox),89.0,17.8000,0.2000,1,2020,2020
386,Phebe Vayanos,USC (Marshall),53.0,17.6667,0.6667,2,2019,2026
387,Martin A. Lariviere,Northwestern (Kellogg),53.0,17.6667,0.3333,1,2019,2019
388,Huanan Zhang,Colorado (Leeds),59.0,17.4167,0.5833,2,2022,2022
389,Tingliang Huang,Boston College (Carroll),52.0,17.3333,0.3333,1,2018,2018
390,Robert L. Winkler,Duke (Fuqua),69.0,17.2500,0.2500,1,2017,2017
391,Garrett van Ryzin,Cornell,34.0,17.0000,0.5000,1,2021,2021
391,Zhen Lian,Cornell,34.0,17.0000,0.5000,1,2021,2021
393,Amitabh Sinha,UW (Foster),51.0,17.0000,0.3333,1,2021,2021
393,Konstantinos I. Stouras,SMU (Cox),51.0,17.0000,0.3333,1,2022,2022
393,Raul O. Chao,Virginia (Darden),51.0,17.0000,0.3333,1,2022,2022
396,Gad Allon,Wharton (UPenn),66.0,16.8333,0.5000,2,2021,2022
397,Baek Jung Kim,UBC (Sauder),50.0,16.6667,0.3333,1,2022,2022
397,Muhammad Zia Hydari,Wharton (UPenn),50.0,16.6667,0.3333,1,2018,2018
397,Rahul Telang,Carnegie Mellon (Tepper),50.0,16.6667,0.3333,1,2018,2018
397,William M. Marella,Wharton (UPenn),50.0,16.6667,0.3333,1,2018,2018
401,Meng Qi,Cornell,116.0,16.5714,0.1429,1,2023,2023
401,Yuanyuan Shi,UC San Diego (Rady),116.0,16.5714,0.1429,1,2023,2023
401,Zuo-Jun (Max) Shen,Cornell,116.0,16.5714,0.1429,1,2023,2023
404,Jonathan Glover,Columbia,33.0,16.5000,0.5000,1,2021,2021
404,Koray Cosguner,Indiana (Kelley),33.0,16.5000,0.5000,1,2022,2022
404,Paul Grigas,UC Berkeley (Haas),33.0,16.5000,0.5000,1,2022,2022
407,Christopher Thomas Ryan,UBC (Sauder),48.0,16.0000,1.2500,4,2021,2025
408,Anastassia Fedyk,UC Berkeley (Haas),16.0,16.0000,1.0000,1,2025,2025
409,Zhaohui (Zoey) Jiang,Carnegie Mellon (Tepper),48.0,16.0000,0.8667,3,2022,2025
410,Chloe Kim Glaeser,UNC (Kenan-Flagler),48.0,16.0000,0.6667,2,2023,2025
411,Angela Zhou,Cornell,32.0,16.0000,0.5000,1,2021,2021
412,Antonio Moreno,Harvard,48.0,16.0000,0.3333,1,2021,2021
412,Heng Zhang,USC (Marshall),48.0,16.0000,0.3333,1,2020,2020
412,Jinglong Zhao,MIT,48.0,16.0000,0.3333,1,2021,2021
415,Masoud Kamalahmadi,Florida (Warrington),54.0,15.9167,0.4583,2,2021,2023
416,Rajan Udwani,UC Berkeley (Haas),65.0,15.8333,2.1667,3,2022,2025
417,Jinglong Zhao,Boston U (Questrom),46.0,15.8333,1.1667,3,2023,2025
418,Chenghuai Li,Duke (Fuqua),47.0,15.6667,0.3333,1,2025,2025
418,Elliot Bendoly,Ohio State (Fisher),47.0,15.6667,0.3333,1,2020,2020
420,Lauren Xiaoyuan Lu,UNC (Kenan-Flagler),31.0,15.5000,0.5000,1,2017,2017
420,Şafak Yücel,UW (Foster),31.0,15.5000,0.5000,1,2022,2022
422,Dennis J. Zhang,Northwestern (Kellogg),93.0,15.5000,0.1667,1,2016,2016
422,Eric Park,UBC (Sauder),93.0,15.5000,0.1667,1,2016,2016
422,Robert S. Young,Indiana (Kelley),93.0,15.5000,0.1667,1,2016,2016
425,Ravi Bapna,Minnesota (Carlson),60.0,14.7500,0.4500,2,2022,2023
426,Emily W. Choi,UT Dallas,44.0,14.6667,0.3333,1,2020,2020
426,Eva Labro,UNC (Kenan-Flagler),44.0,14.6667,0.3333,1,2023,2023
426,Stephen Glaeser,UNC (Kenan-Flagler),44.0,14.6667,0.3333,1,2023,2023
429,Vahideh Manshadi,Yale,46.0,14.5833,1.6667,5,2022,2025
430,Ann P. Bartel,Columbia,43.0,14.3333,0.3333,1,2020,2020
430,Humoud Alsabah,UW (Foster),43.0,14.3333,0.3333,1,2023,2023
430,Iavor Bojinov,Harvard,43.0,14.3333,0.3333,1,2023,2023
430,Justin Jia,Purdue (Daniels),43.0,14.3333,0.3333,1,2019,2019
434,Bin Hu,UT Dallas,37.0,14.2500,0.7500,2,2022,2022
435,Aaron L. Bodoh-Creed,UC Berkeley (Haas),14.0,14.0000,1.0000,1,2020,2020
436,Andrew F. Siegel,UW (Foster),28.0,14.0000,0.5000,1,2021,2021
436,Kris Johnson Ferreira,Harvard,28.0,14.0000,0.5000,1,2021,2021
438,A. Yeşim Orhun,Michigan (Ross),42.0,14.0000,0.3333,1,2019,2019
438,Carol Peden,USC (Marshall),42.0,14.0000,0.3333,1,2020,2020
438,Yan Huang,Carnegie Mellon (Tepper),42.0,14.0000,0.3333,1,2022,2022
441,Wedad J. Elmaghraby,Maryland (Smith),55.0,13.7500,0.5833,2,2020,2026
442,Ashwin Venkataraman,Harvard,41.0,13.6667,0.3333,1,2020,2020
442,Can Küçükgül,UT Dallas,41.0,13.6667,0.3333,1,2022,2022
442,Clifford Stein,Columbia,41.0,13.6667,0.3333,1,2020,2020
442,Evgeny Kagan,Michigan (Ross),41.0,13.6667,0.3333,1,2018,2018
442,Guangwen Kong,Minnesota (Carlson),41.0,13.6667,0.3333,1,2018,2018
442,Kris J. Ferreira,Harvard,41.0,13.6667,0.3333,1,2022,2022
442,Lakshminarayanan Subramanian,NYU (Stern),41.0,13.6667,0.3333,1,2020,2020
442,Sampath Rajagopalan,USC (Marshall),41.0,13.6667,0.3333,1,2018,2018
442,Shreyas Sekar,Toronto (Rotman),41.0,13.6667,0.3333,1,2022,2022
442,Van-Anh Truong,Columbia,41.0,13.6667,0.3333,1,2020,2020
452,Saravanan Kesavan,UNC (Kenan-Flagler),54.0,13.5833,0.9167,3,2022,2026
453,Alexandre Jacquillat,MIT,48.0,13.5833,0.8333,3,2021,2023
454,Andres F. Jola-Sanchez,Texas A&M (Mays),27.0,13.5000,0.5000,1,2021,2021
455,Emre M. Demirezen,Florida (Warrington),54.0,13.5000,0.2500,1,2023,2023
455,Ramkumar Janakiraman,Columbia,54.0,13.5000,0.2500,1,2023,2023
457,Ruihao Zhu,Cornell,44.0,13.3833,1.1167,4,2023,2025
458,Chenguang (Allen) Wu,Northwestern (Kellogg),40.0,13.3333,0.3333,1,2019,2019
458,Elena Belavina,Cornell,40.0,13.3333,0.3333,1,2020,2020
458,Hyuck David Chung,Michigan (Ross),40.0,13.3333,0.3333,1,2024,2024
458,Ohad Perry,Northwestern (Kellogg),40.0,13.3333,0.3333,1,2019,2019
458,Yue Maggie Zhou,Michigan (Ross),40.0,13.3333,0.3333,1,2024,2024
463,Susan J. Lambert,Chicago (Booth),53.0,13.2500,0.2500,1,2022,2022
464,Candace Cravey,Virginia (Darden),26.0,13.0000,0.5000,1,2022,2022
464,Dmitri Kuksov,UT Dallas,26.0,13.0000,0.5000,1,2017,2017
464,Fatma Kılınç-Karzan,Carnegie Mellon (Tepper),26.0,13.0000,0.5000,1,2022,2022
464,Tim Eisert,SMU (Cox),26.0,13.0000,0.5000,1,2019,2019
468,Panos Markou,Virginia (Darden),40.0,12.8333,0.5833,2,2023,2024
469,Zhengyuan Zhou,NYU (Stern),39.0,12.7500,1.0000,3,2023,2024
470,Amit Basu,SMU (Cox),38.0,12.6667,0.3333,1,2019,2019
470,Rajiv Mukherjee,SMU (Cox),38.0,12.6667,0.3333,1,2019,2019
470,Sreekumar Bhaskaran,SMU (Cox),38.0,12.6667,0.3333,1,2019,2019
473,Ali Hajjar,Harvard,25.0,12.5000,0.5000,1,2023,2023
473,Gary E. Bolton,UT Dallas,25.0,12.5000,0.5000,1,2018,2018
473,Gregor Matvos,Chicago (Booth),25.0,12.5000,0.5000,1,2016,2016
473,Oguzhan Alagoz,Wisconsin-Madison,25.0,12.5000,0.5000,1,2023,2023
473,Zhiguo He,Chicago (Booth),25.0,12.5000,0.5000,1,2016,2016
478,Opher Baron,Toronto (Rotman),37.0,12.3333,0.6667,2,2023,2025
479,Mehmet Gümüş,McGill (Desautels),56.0,12.2667,0.5333,2,2016,2022
480,Michael L. Hamilton,Wharton (UPenn),48.0,12.2500,1.0833,3,2021,2021
481,Ningyuan Chen,Toronto (Rotman),48.0,12.0833,0.9167,3,2021,2025
482,Thomas Magnanti,MIT,36.0,12.0000,0.6667,2,2019,2024
483,Anh Le,Penn State (Smeal),24.0,12.0000,0.5000,1,2021,2021
483,Ilya O. Ryzhov,Maryland (Smith),24.0,12.0000,0.5000,1,2023,2023
483,Scott Joslin,USC (Marshall),24.0,12.0000,0.5000,1,2021,2021
483,Ye Chen,Virginia (Darden),24.0,12.0000,0.5000,1,2023,2023
487,Hanzhang Qin,MIT,36.0,12.0000,0.3333,1,2022,2022
488,Anyan Qi,UT Dallas,32.0,11.7500,0.9500,3,2022,2025
489,Chaithanya Bandi,Northwestern (Kellogg),35.0,11.6667,0.6667,2,2019,2019
489,Douglas J. Thomas,Virginia (Darden),35.0,11.6667,0.6667,2,2022,2022
491,Alan L. Erera,Georgia Tech (Scheller),35.0,11.6667,0.3333,1,2022,2022
491,Alejandro Toriello,Georgia Tech (Scheller),35.0,11.6667,0.3333,1,2022,2022
491,Alexander M. Stroh,Georgia Tech (Scheller),35.0,11.6667,0.3333,1,2022,2022
491,Jeremy J. Kalas,MIT,35.0,11.6667,0.3333,1,2021,2021
491,Jerry Anunrojwong,Columbia,35.0,11.6667,0.3333,1,2023,2023
491,Katharina Lewellen,Dartmouth (Tuck),35.0,11.6667,0.3333,1,2022,2022
491,Krishnamurthy Iyer,Minnesota (Carlson),35.0,11.6667,0.3333,1,2023,2023
491,Manuel Adelino,Duke (Fuqua),35.0,11.6667,0.3333,1,2022,2022
491,W. Ben McCartney,Purdue (Daniels),35.0,11.6667,0.3333,1,2022,2022
500,Levi DeValve,Chicago (Booth),32.0,11.3333,0.8333,2,2020,2025
501,Xuying Zhao,Texas A&M (Mays),34.0,11.3333,0.6667,2,2025,2025
502,Christian Kaps,Wharton (UPenn),34.0,11.3333,0.3333,1,2023,2023
502,Harshita Kajaria-Montag,Indiana (Kelley),34.0,11.3333,0.3333,1,2024,2024
502,Nachiketa Sahoo,Boston U (Questrom),34.0,11.3333,0.3333,1,2022,2022
502,Philipp Strack,UC Berkeley (Haas),34.0,11.3333,0.3333,1,2018,2018
502,Yicheng Song,Minnesota (Carlson),34.0,11.3333,0.3333,1,2022,2022
502,Yue Hu,Columbia,34.0,11.3333,0.3333,1,2022,2022
508,James B. Rebitzer,Boston U (Questrom),45.0,11.2500,0.2500,1,2022,2022
508,Keith Marzilli Ericson,Boston U (Questrom),45.0,11.2500,0.2500,1,2022,2022
508,Leila Agha,Dartmouth (Tuck),45.0,11.2500,0.2500,1,2022,2022
511,Daniel Diermeier,Chicago (Booth),56.0,11.2000,0.2000,1,2018,2018
511,Seyed M. R. Iravani,Northwestern (Kellogg),56.0,11.2000,0.2000,1,2018,2018
511,Wallace J. Hopp,Michigan (Ross),56.0,11.2000,0.2000,1,2018,2018
511,Yao Cheng,Northwestern (Kellogg),56.0,11.2000,0.2000,1,2018,2018
515,Irene Lo,Stanford,40.0,11.1667,0.5833,2,2020,2023
516,Amine Allouah,Columbia,22.0,11.0000,0.5000,1,2020,2020
516,Francois Margot,Carnegie Mellon (Tepper),22.0,11.0000,0.5000,1,2018,2018
518,Deeksha Sinha,MIT,44.0,11.0000,0.3750,2,2020,2025
519,Meng Qi,UC Berkeley (Haas),33.0,11.0000,0.3333,1,2022,2022
519,Ruslan Momot,Michigan (Ross),33.0,11.0000,0.3333,1,2024,2024
519,Sentao Miao,Colorado (Leeds),33.0,11.0000,0.3333,1,2024,2024
519,Yanzhe (Murray) Lei,MIT,33.0,11.0000,0.3333,1,2024,2024
519,Ying Cao,UC Berkeley (Haas),33.0,11.0000,0.3333,1,2022,2022
519,Zuo-Jun (Max) Shen,UC Berkeley (Haas),33.0,11.0000,0.3333,1,2022,2022
525,Ciamac C. Moallemi,Columbia,44.0,11.0000,0.2500,1,2020,2020
525,Mariana Nicolae,Michigan (Ross),44.0,11.0000,0.2500,1,2017,2017
525,Mark Ferguson,Columbia,44.0,11.0000,0.2500,1,2017,2017
525,Nikhil Bhat,Columbia,44.0,11.0000,0.2500,1,2020,2020
529,Ganesh Janakiraman,UT Dallas,41.0,10.8333,1.3333,5,2018,2025
530,Jacob Feldman,UW (Foster),35.0,10.7500,0.5833,2,2023,2025
531,Gordon Burtch,Boston U (Questrom),32.0,10.6667,0.3333,1,2023,2023
531,Rui Sun,MIT,32.0,10.6667,0.3333,1,2022,2022
531,Stanley Frederick W. T. Lim,Michigan (Ross),32.0,10.6667,0.3333,1,2024,2024
531,Yash Babar,Wisconsin-Madison,32.0,10.6667,0.3333,1,2023,2023
535,Linda V. Green,Columbia,53.0,10.6000,0.2000,1,2019,2019
535,Suparerk Lekwijit,Wharton (UPenn),53.0,10.6000,0.2000,1,2019,2019
537,Alejandro Rivera,UT Dallas,22.0,10.5000,0.8333,2,2021,2022
538,Morvarid Rahmani,Georgia Tech (Scheller),21.0,10.5000,0.5000,1,2021,2021
538,Terry A. Taylor,UC Berkeley (Haas),21.0,10.5000,0.5000,1,2019,2019
540,A. Max Reppen,Boston U (Questrom),31.0,10.3333,0.3333,1,2024,2024
540,Yunzong Xu,MIT,31.0,10.3333,0.3333,1,2022,2022
542,Aaron Striegel,Notre Dame (Mendoza),41.0,10.2500,0.2500,1,2022,2022
542,Idris Adjerid,Virginia Tech (Pamplin),41.0,10.2500,0.2500,1,2022,2022
542,Rachael Purta,Notre Dame (Mendoza),41.0,10.2500,0.2500,1,2022,2022
545,Zeyu Zheng,UC Berkeley (Haas),21.0,10.1667,2.2000,6,2023,2025
546,Luyi Yang,UC Berkeley (Haas),30.0,10.1667,0.8333,2,2021,2025
547,Auyon Siddiq,UCLA (Anderson),22.0,10.0000,0.8333,2,2023,2025
547,Nur Kaynar,Cornell,22.0,10.0000,0.8333,2,2023,2025
549,K. Drakopoulos,USC (Marshall),20.0,10.0000,0.5000,1,2021,2021
549,Nikhil Garg,Cornell,20.0,10.0000,0.5000,1,2022,2022
549,R. S. Randhawa,USC (Marshall),20.0,10.0000,0.5000,1,2021,2021
552,Jonathan W. Williams,UNC (Kenan-Flagler),30.0,10.0000,0.3333,1,2016,2016
552,Katia Sycara,Carnegie Mellon (Tepper),30.0,10.0000,0.3333,1,2020,2020
552,Yichun Hu,Cornell,30.0,10.0000,0.3333,1,2022,2022
555,Sudipto Dasgupta,UW (Foster),40.0,10.0000,0.2500,1,2023,2023
556,Garud N. Iyengar,Columbia,59.0,9.8333,0.1667,1,2022,2022
556,Shuangyu Wang,MIT,59.0,9.8333,0.1667,1,2022,2022
556,Xiao-Yue Gong,MIT,59.0,9.8333,0.1667,1,2022,2022
559,Yuan Zhou,UIUC (Gies),39.0,9.7500,0.2500,1,2022,2022
560,Charles J. Corbett,UCLA (Anderson),26.0,9.6667,0.8333,2,2022,2024
561,Yehua Wei,Duke (Fuqua),29.0,9.6667,0.6667,2,2020,2025
562,Alexander Shapiro,Georgia Tech (Scheller),29.0,9.6667,0.3333,1,2017,2017
562,Anton J. Kleywegt,Georgia Tech (Scheller),29.0,9.6667,0.3333,1,2017,2017
562,D. J. Wu,Georgia Tech (Scheller),29.0,9.6667,0.3333,1,2025,2025
562,Peter W. Glynn,Stanford,29.0,9.6667,0.3333,1,2019,2019
566,Petar Momčilović,Texas A&M (Mays),58.0,9.6667,0.1667,1,2020,2020
567,Dan Zhang,Colorado (Leeds),48.0,9.6000,0.2000,1,2016,2016
567,Saibal Ray,McGill (Desautels),48.0,9.6000,0.2000,1,2016,2016
569,Christos Tzamos,Wisconsin-Madison,19.0,9.5000,0.5000,1,2019,2019
569,Seokwoo Lee,Michigan (Ross),19.0,9.5000,0.5000,1,2021,2021
571,Noah Gans,Wharton (UPenn),28.0,9.3333,0.6667,2,2022,2025
571,Özge Yapar,Indiana (Kelley),28.0,9.3333,0.6667,2,2022,2025
573,Ignacio Rios,UT Dallas,28.0,9.3333,0.3333,1,2021,2021
573,Jens Hainmueller,Stanford,28.0,9.3333,0.3333,1,2017,2017
573,Mili Mehrotra,Minnesota (Carlson),28.0,9.3333,0.3333,1,2019,2019
573,Sandra Sülz,SMU (Cox),28.0,9.3333,0.3333,1,2019,2019
577,Fahad Saleh,UNC (Kenan-Flagler),37.0,9.2500,0.2500,1,2023,2023
577,Wenjun Wang,Columbia,37.0,9.2500,0.2500,1,2023,2023
579,Nick Arnosti,Minnesota (Carlson),9.0,9.0000,1.0000,1,2023,2023
580,Mariana Khapko,Toronto (Rotman),18.0,9.0000,0.5000,1,2020,2020
580,Marius Zoican,Toronto (Rotman),18.0,9.0000,0.5000,1,2020,2020
582,Alex Chin,Stanford,27.0,9.0000,0.3333,1,2022,2022
582,Dean Eckles,MIT,27.0,9.0000,0.3333,1,2022,2022
582,Hao Yuan,Michigan (Ross),27.0,9.0000,0.3333,1,2021,2021
582,Johan Ugander,Stanford,27.0,9.0000,0.3333,1,2022,2022
582,Junhyun Bae,Michigan (Ross),27.0,9.0000,0.3333,1,2022,2022
582,Qi Luo,Michigan (Ross),27.0,9.0000,0.3333,1,2021,2021
588,Heng Zhang,Arizona State (Carey),62.0,8.8571,0.3929,2,2023,2025
589,Selvaprabu Nadarajah,UIUC (Gies),27.0,8.8333,1.4167,4,2020,2025
590,Yining Wang,UT Dallas,26.0,8.6667,0.6667,2,2024,2025
591,Chun Wang,Columbia,26.0,8.6667,0.3333,1,2018,2018
592,Marco Pavone,Stanford,43.0,8.6000,0.2000,1,2022,2022
593,Oliver Levine,Wisconsin-Madison,17.0,8.5000,0.5000,1,2021,2021
593,Weihua Zhang,UBC (Sauder),17.0,8.5000,0.5000,1,2023,2023
595,Negar Soheili,UIUC (Gies),26.0,8.3333,0.5833,2,2020,2025
595,Qihang Lin,Iowa (Tippie),26.0,8.3333,0.5833,2,2020,2025
597,Dmitry Krass,Toronto (Rotman),25.0,8.3333,0.3333,1,2019,2019
597,Ernan Haruvy,McGill (Desautels),25.0,8.3333,0.3333,1,2020,2020
597,Hang Ren,Virginia (Darden),25.0,8.3333,0.3333,1,2021,2021
597,Mohammad M. Fazel-Zarandi,Yale,25.0,8.3333,0.3333,1,2019,2019
597,Oded Berman,Toronto (Rotman),25.0,8.3333,0.3333,1,2019,2019
597,Rihuan Huang,Cornell,25.0,8.3333,0.3333,1,2022,2022
597,Sudeep Bhatia,Wharton (UPenn),25.0,8.3333,0.3333,1,2022,2022
604,Stephen C. Graves,MIT,8.0,8.0000,1.0000,1,2021,2021
605,Seyed Morteza Emadi,UNC (Kenan-Flagler),16.0,8.0000,0.8333,2,2020,2025
606,Katherine B. Coffman,Harvard,24.0,8.0000,0.3333,1,2024,2024
606,Manuela R. Collis,Toronto (Rotman),24.0,8.0000,0.3333,1,2024,2024
608,Yuxin Chen,NYU (Stern),32.0,8.0000,0.2500,1,2024,2024
609,Dana G. Popescu,Virginia (Darden),23.0,7.6667,0.3333,1,2019,2019
609,Elina H. Hwang,UW (Foster),23.0,7.6667,0.3333,1,2024,2024
609,Khashayar Khosravi,Stanford,23.0,7.6667,0.3333,1,2021,2021
609,Wendy Olsder,SMU (Cox),23.0,7.6667,0.3333,1,2023,2023
613,Henry Lam,Columbia,24.0,7.5000,1.5833,3,2021,2025
614,Negin Golrezaei,MIT,25.0,7.5000,1.5333,4,2022,2025
615,Lauren Xiaoyuan Lu,Dartmouth (Tuck),15.0,7.5000,0.5000,1,2022,2022
615,Raghav Singal,Columbia,15.0,7.5000,0.5000,1,2021,2021
617,Anthony Veltri,Ohio State (Fisher),52.0,7.4286,0.1429,1,2020,2020
617,Brian Fynes,SMU (Cox),52.0,7.4286,0.1429,1,2020,2020
617,John Gray,Ohio State (Fisher),52.0,7.4286,0.1429,1,2020,2020
617,Mark Pagell,SMU (Cox),52.0,7.4286,0.1429,1,2020,2020
617,Michalis Louis,SMU (Cox),52.0,7.4286,0.1429,1,2020,2020
622,Lennart Baardman,MIT,37.0,7.4000,0.2000,1,2019,2019
623,William B. Haskell,Purdue (Daniels),22.0,7.3333,0.6667,2,2024,2025
624,Alain Bensoussan,UT Dallas,22.0,7.3333,0.3333,1,2020,2020
624,Brett A. Hathaway,Johns Hopkins (Carey),22.0,7.3333,0.3333,1,2021,2021
624,Sanjith Gopalakrishnan,McGill (Desautels),22.0,7.3333,0.3333,1,2021,2021
624,Seyed M. Emadi,UNC (Kenan-Flagler),22.0,7.3333,0.3333,1,2021,2021
624,Sveinn Ólafsson,Columbia,22.0,7.3333,0.3333,1,2022,2022
624,Tat Y. Chan,WashU (Olin),22.0,7.3333,0.3333,1,2018,2018
630,Christian Kroer,Columbia,35.0,7.2857,0.4762,2,2022,2023
631,Anandasivam Gopal,Maryland (Smith),29.0,7.2500,0.2500,1,2017,2017
631,Brad N. Greenwood,Wharton (UPenn),29.0,7.2500,0.2500,1,2017,2017
631,Daniel Jiang,Wharton (UPenn),29.0,7.2500,0.2500,1,2022,2022
631,Rajshree Agarwal,Maryland (Smith),29.0,7.2500,0.2500,1,2017,2017
631,Ritu Agarwal,Maryland (Smith),29.0,7.2500,0.2500,1,2017,2017
631,Saif Benjaafar,Minnesota (Carlson),29.0,7.2500,0.2500,1,2022,2022
631,Xiang Li,UW (Foster),29.0,7.2500,0.2500,1,2022,2022
638,Ali Fattahi,Johns Hopkins (Carey),21.0,7.0000,1.6667,3,2022,2025
639,Eric D. Shah,Michigan (Ross),7.0,7.0000,1.0000,1,2023,2023
639,Yucheng Liang,Carnegie Mellon (Tepper),7.0,7.0000,1.0000,1,2025,2025
641,Laurens G. Debo,Dartmouth (Tuck),21.0,7.0000,0.8333,2,2019,2025
642,Reza Ahmadi,UCLA (Anderson),21.0,7.0000,0.6667,2,2022,2023
642,Sriram Dasu,USC (Marshall),21.0,7.0000,0.6667,2,2022,2023
644,Luca Maini,Harvard,14.0,7.0000,0.5000,1,2024,2024
645,Asuman Ozdaglar,MIT,21.0,7.0000,0.3333,1,2022,2022
645,Bart P. G. Van Parys,MIT,21.0,7.0000,0.3333,1,2021,2021
645,Elena Andreyeva,Texas A&M (Mays),21.0,7.0000,0.3333,1,2022,2022
645,Guy David,Wharton (UPenn),21.0,7.0000,0.3333,1,2022,2022
645,Han Yu,USC (Marshall),21.0,7.0000,0.3333,1,2026,2026
645,Luyi Yang,Johns Hopkins (Carey),21.0,7.0000,0.3333,1,2019,2019
651,Prashant Loyalka,Stanford,28.0,7.0000,0.2500,1,2022,2022
652,Suresh Muthulingam,Penn State (Smeal),20.0,6.6667,0.8333,2,2022,2026
653,Hilal Atasoy,Wharton (UPenn),20.0,6.6667,0.3333,1,2018,2018
653,Kartik Ganju,McGill (Desautels),20.0,6.6667,0.3333,1,2018,2018
653,Pei-yu Chen,Arizona State (Carey),20.0,6.6667,0.3333,1,2018,2018
656,Xiao-Yue Gong,Carnegie Mellon (Tepper),13.0,6.5000,0.5000,1,2023,2023
657,Boris Groysberg,Harvard,26.0,6.5000,0.2500,1,2021,2021
657,J. Yo-Jud Cheng,Virginia (Darden),26.0,6.5000,0.2500,1,2021,2021
657,Nicolás E. Stier-Moses,Columbia,26.0,6.5000,0.2500,1,2016,2016
657,Paul Healy,Harvard,26.0,6.5000,0.2500,1,2021,2021
657,Rajesh Vijayaraghavan,UBC (Sauder),26.0,6.5000,0.2500,1,2021,2021
662,Eva C. Guinan,Harvard,45.0,6.4286,0.1429,1,2022,2022
662,Gary Gray,Harvard,45.0,6.4286,0.1429,1,2022,2022
662,Hardeep Ranu,Harvard,45.0,6.4286,0.1429,1,2022,2022
662,Jacqueline N. Lane,Harvard,45.0,6.4286,0.1429,1,2022,2022
662,Karim R. Lakhani,Harvard,45.0,6.4286,0.1429,1,2022,2022
662,Michael Menietti,Harvard,45.0,6.4286,0.1429,1,2022,2022
662,Misha Teplitskiy,Michigan (Ross),45.0,6.4286,0.1429,1,2022,2022
669,Achraf Bahamou,Columbia,19.0,6.3333,0.3333,1,2023,2023
669,Andre P. Calmon,Georgia Tech (Scheller),19.0,6.3333,0.3333,1,2024,2024
669,Arielle Anderer,Wharton (UPenn),19.0,6.3333,0.3333,1,2022,2022
669,Arun Sundararajan,NYU (Stern),19.0,6.3333,0.3333,1,2023,2023
669,John A. Muckstadt,Cornell,19.0,6.3333,0.3333,1,2019,2019
669,John Silberholz,Michigan (Ross),19.0,6.3333,0.3333,1,2022,2022
669,Jon Kleinberg,Cornell,19.0,6.3333,0.3333,1,2023,2023
669,Manish Raghavan,MIT,19.0,6.3333,0.3333,1,2023,2023
669,Mustafa Dogan,MIT,19.0,6.3333,0.3333,1,2021,2021
669,Peter L. Jackson,Cornell,19.0,6.3333,0.3333,1,2019,2019
669,Sendhil Mullainathan,Chicago (Booth),19.0,6.3333,0.3333,1,2023,2023
669,Yuexing Li,Cornell,19.0,6.3333,0.3333,1,2019,2019
681,Chad Syverson,Chicago (Booth),25.0,6.2500,0.2500,1,2021,2021
681,Vishal Ahuja,SMU (Cox),25.0,6.2500,0.2500,1,2021,2021
683,Rad Niazadeh,Chicago (Booth),21.0,6.1667,1.3667,4,2023,2025
684,Nicholas Renegar,MIT,43.0,6.1429,0.1429,1,2021,2021
684,Stacy Springs,MIT,43.0,6.1429,0.1429,1,2021,2021
686,Zhen Lian,Yale,12.0,6.0000,0.8333,2,2025,2026
687,Andreea Minca,Cornell,12.0,6.0000,0.5000,1,2020,2020
687,Ariah Klages-Mundt,Cornell,12.0,6.0000,0.5000,1,2020,2020
687,Zhimei Ren,Wharton (UPenn),12.0,6.0000,0.5000,1,2024,2024
690,Alexandre Belloni,Duke (Fuqua),18.0,6.0000,0.3333,1,2017,2017
690,Chen-An Lin,Duke (Fuqua),18.0,6.0000,0.3333,1,2023,2023
690,Giuseppe Lopomo,Duke (Fuqua),18.0,6.0000,0.3333,1,2017,2017
690,Ozlem Yildiz,Virginia (Darden),18.0,6.0000,0.3333,1,2019,2019
690,Zhiyuan Huang,Michigan (Ross),18.0,6.0000,0.3333,1,2021,2021
695,Anuj Kumar,Florida (Warrington),17.0,5.6667,0.3333,1,2023,2023
695,Necati Tereyağoğlu,Columbia,17.0,5.6667,0.3333,1,2023,2023
695,Patrick Jaillet,MIT,17.0,5.6667,0.3333,1,2025,2025
695,Piao Chen,UIUC (Gies),17.0,5.6667,0.3333,1,2025,2025
695,Övünç Yılmaz,Colorado (Leeds),17.0,5.6667,0.3333,1,2023,2023
700,Anita L. Carson,Boston U (Questrom),22.0,5.5000,0.5000,2,2023,2024
700,Raymond Kan,Toronto (Rotman),11.0,5.5000,0.5000,1,2016,2016
702,Randall Berry,Northwestern (Kellogg),32.0,5.3667,0.3667,2,2020,2022
703,Amandeep Singh,Wharton (UPenn),31.0,5.1667,0.1667,1,2022,2022
703,Georgios Askalidis,Northwestern (Kellogg),31.0,5.1667,0.1667,1,2022,2022
703,Nicole Immorlica,UW (Foster),31.0,5.1667,0.1667,1,2022,2022
706,Evan Munro,Stanford,5.0,5.0000,1.0000,1,2024,2024
707,Benjamin Bushong,Michigan State (Broad),10.0,5.0000,0.5000,1,2024,2024
707,Jad Salem,Maryland (Smith),10.0,5.0000,0.5000,1,2024,2024
707,Swati Gupta,MIT,10.0,5.0000,0.5000,1,2024,2024
707,Tristan Gagnon-Bartsch,Florida (Warrington),10.0,5.0000,0.5000,1,2024,2024
711,Beau Coker,Harvard,15.0,5.0000,0.3333,1,2021,2021
711,Cynthia Rudin,Duke (Fuqua),15.0,5.0000,0.3333,1,2021,2021
711,Gary King,Harvard,15.0,5.0000,0.3333,1,2021,2021
711,Joshua Mollner,Northwestern (Kellogg),15.0,5.0000,0.3333,1,2022,2022
711,Markus Baldauf,UBC (Sauder),15.0,5.0000,0.3333,1,2022,2022
711,Mochen Yang,Minnesota (Carlson),15.0,5.0000,0.3333,1,2024,2024
711,Xuan Bi,Minnesota (Carlson),15.0,5.0000,0.3333,1,2024,2024
718,Blair Flicker,Columbia,32.0,4.8750,1.1250,2,2023,2026
719,Brian Rongqing Han,USC (Marshall),19.0,4.7500,0.2500,1,2020,2020
719,Hyung Paek,Yale,19.0,4.7500,0.2500,1,2020,2020
721,Jong Myeong Lim,Florida (Warrington),14.0,4.6667,0.6667,2,2024,2024
722,Alessandro Arlotto,Duke (Fuqua),14.0,4.6667,0.3333,1,2019,2019
722,Andrew E. Frazelle,Duke (Fuqua),14.0,4.6667,0.3333,1,2019,2019
722,Wanyi Dai Li,Stanford,14.0,4.6667,0.3333,1,2023,2023
722,Yehua Wei,Boston College (Carroll),14.0,4.6667,0.3333,1,2019,2019
726,Stefan Wager,Stanford,9.0,4.5000,1.0000,2,2021,2024
727,Daniel Freund,MIT,9.0,4.5000,0.5000,1,2025,2025
727,Dawson Kaaua,UW (Foster),9.0,4.5000,0.5000,1,2022,2022
727,Siddhartha Banerjee,Cornell,9.0,4.5000,0.5000,1,2025,2025
727,Youngsoo Kim,USC (Marshall),9.0,4.5000,0.5000,1,2024,2024
727,Yuqian Xu,UNC (Kenan-Flagler),9.0,4.5000,0.5000,1,2024,2024
732,Manmohan Aseri,UT Dallas,18.0,4.5000,0.2500,1,2018,2018
732,Qiong Wang,UIUC (Gies),18.0,4.5000,0.2500,1,2019,2019
734,Christopher Tang,UCLA (Anderson),21.0,4.4667,0.5333,2,2025,2025
735,Saurabh Bansal,Penn State (Smeal),14.0,4.3333,0.5833,2,2022,2024
736,Anna Bogomolnaia,MIT,13.0,4.3333,0.3333,1,2022,2022
736,Eric M. Overby,Georgia Tech (Scheller),13.0,4.3333,0.3333,1,2021,2021
736,Hervé Moulin,MIT,13.0,4.3333,0.3333,1,2022,2022
736,Jean-François Bégin,UBC (Sauder),13.0,4.3333,0.3333,1,2022,2022
736,Michael C. Jernigan,Harvard,13.0,4.3333,0.3333,1,2021,2021
736,Sam Ransbotham,Boston College (Carroll),13.0,4.3333,0.3333,1,2021,2021
736,Yuan-Mao Kao,Duke (Fuqua),13.0,4.3333,0.3333,1,2022,2022
743,Henry Lam,Michigan (Ross),4.0,4.0000,1.0000,1,2018,2018
743,Prasanna B. Tambe,Wharton (UPenn),4.0,4.0000,1.0000,1,2026,2026
745,Andrei Hagiu,Boston U (Questrom),8.0,4.0000,0.5000,1,2024,2024
745,Brent B. Moritz,Penn State (Smeal),8.0,4.0000,0.5000,1,2020,2020
745,Pengyu Qian,Purdue (Daniels),8.0,4.0000,0.5000,1,2024,2024
745,Yunzong Xu,UIUC (Gies),8.0,4.0000,0.5000,1,2023,2023
749,Mahsa Derakhshan,Maryland (Smith),12.0,4.0000,0.3333,1,2022,2022
749,Rachitesh Kumar,Columbia,12.0,4.0000,0.3333,1,2023,2023
749,Sait Tunç,Virginia Tech (Pamplin),12.0,4.0000,0.3333,1,2022,2022
749,Santiago Balseiro,Columbia,12.0,4.0000,0.3333,1,2023,2023
749,Yanwei Jia,Columbia,12.0,4.0000,0.3333,1,2023,2023
749,Yue Hu,Stanford,12.0,4.0000,0.3333,1,2025,2025
755,Jordan D. Tong,Wisconsin-Madison,31.0,3.8750,0.1250,1,2023,2023
755,Samantha Keppler,Michigan (Ross),31.0,3.8750,0.1250,1,2023,2023
757,Fan Zhang,Stanford,15.0,3.7500,0.2500,1,2023,2023
757,Jing Zhou,UNC (Kenan-Flagler),15.0,3.7500,0.2500,1,2023,2023
757,Jose Blanchet,Stanford,15.0,3.7500,0.2500,1,2023,2023
757,Moutaz J. Khouja,UNC (Kenan-Flagler),15.0,3.7500,0.2500,1,2023,2023
757,Nian Si,Stanford,15.0,3.7500,0.2500,1,2023,2023
757,Ram Mudambi,Wharton (UPenn),15.0,3.7500,0.2500,1,2023,2023
757,Shubham Gupta,Wharton (UPenn),15.0,3.7500,0.2500,1,2023,2023
764,Amrita Kundu,UW (Foster),11.0,3.6667,0.3333,1,2024,2024
764,Anant Mishra,Minnesota (Carlson),11.0,3.6667,0.3333,1,2022,2022
764,Chirantan Chatterjee,Stanford,11.0,3.6667,0.3333,1,2022,2022
764,Stephen J. Anderson,Texas A&M (Mays),11.0,3.6667,0.3333,1,2024,2024
764,Thomas D. Steffen,Yale,11.0,3.6667,0.3333,1,2025,2025
764,X. Frank Zhang,Yale,11.0,3.6667,0.3333,1,2025,2025
770,David Klinowski,Wharton (UPenn),7.0,3.5000,0.5000,1,2025,2025
770,Katherine Coffman,Harvard,7.0,3.5000,0.5000,1,2025,2025
770,Stefan Reichelstein,Stanford,7.0,3.5000,0.5000,1,2021,2021
770,Sunil Dutta,UC Berkeley (Haas),7.0,3.5000,0.5000,1,2021,2021
774,Ayelet Israeli,Harvard,14.0,3.5000,0.2500,1,2022,2022
774,Charles Corbett,UCLA (Anderson),14.0,3.5000,0.2500,1,2017,2017
774,Fiona Scott-Morton,Yale,14.0,3.5000,0.2500,1,2022,2022
774,Florian Zettelmeyer,Northwestern (Kellogg),14.0,3.5000,0.2500,1,2022,2022
774,Terry Taylor,UC Berkeley (Haas),14.0,3.5000,0.2500,1,2017,2017
779,Joshua Lewis,NYU (Stern),9.0,3.3333,0.8333,2,2023,2025
780,Dan Andrei Iancu,Stanford,10.0,3.3333,0.3333,1,2021,2021
780,Edward Fox,SMU (Cox),10.0,3.3333,0.3333,1,2018,2018
780,Gautam Gowrisankaran,Columbia,10.0,3.3333,0.3333,1,2023,2023
780,John Semple,SMU (Cox),10.0,3.3333,0.3333,1,2018,2018
780,Laura Norman,SMU (Cox),10.0,3.3333,0.3333,1,2018,2018
780,Pierre Thomas Léger,UIUC (Gies),10.0,3.3333,0.3333,1,2023,2023
780,Vidya Mani,Virginia (Darden),10.0,3.3333,0.3333,1,2022,2022
787,Debmalya Panigrahi,Duke (Fuqua),23.0,3.2857,0.1429,1,2022,2022
787,Vincent Conitzer,Duke (Fuqua),23.0,3.2857,0.1429,1,2022,2022
789,Matt Baucum,Florida (Warrington),13.0,3.2500,0.2500,1,2023,2023
790,Ali Aouad,MIT,12.0,3.0833,0.5833,2,2025,2025
791,Steven M. Shechter,UBC (Sauder),3.0,3.0000,1.5000,2,2025,2025
792,Daniel Russo,Columbia,3.0,3.0000,1.0000,1,2023,2023
792,Thomas L. Magnanti,MIT,3.0,3.0000,1.0000,1,2021,2021
794,Amir Ardestani-Jaafari,UBC (Sauder),6.0,3.0000,0.5000,1,2022,2022
794,Beste Kucukyazici,Michigan State (Broad),6.0,3.0000,0.5000,1,2022,2022
794,Chen Wei,WashU (Olin),6.0,3.0000,0.5000,1,2024,2024
794,Xu Kuang,Stanford,6.0,3.0000,0.5000,1,2024,2024
794,Yu An,Johns Hopkins (Carey),6.0,3.0000,0.5000,1,2023,2023
799,Gabriel Y. Weintraub,Stanford,27.0,3.0000,0.3611,2,2022,2022
800,Jack Strauss,Colorado (Leeds),9.0,3.0000,0.3333,1,2025,2025
800,Mark Schneider,USC (Marshall),9.0,3.0000,0.3333,1,2025,2025
800,Soroush Ghazi,USC (Marshall),9.0,3.0000,0.3333,1,2025,2025
803,Minje Park,Columbia,12.0,3.0000,0.2500,1,2024,2024
803,Rena M. Conti,Boston U (Questrom),12.0,3.0000,0.2500,1,2024,2024
805,Aldo Carranza,Stanford,27.0,3.0000,0.1111,1,2022,2022
806,Yicheng Bai,Cornell,17.0,2.8333,0.5000,2,2023,2025
807,Omar El Housni,Cornell,17.0,2.8333,0.2917,2,2023,2026
808,Billy Jin,Cornell,17.0,2.8333,0.1667,1,2023,2023
808,David P. Williamson,Cornell,17.0,2.8333,0.1667,1,2023,2023
810,David A. Asch,Wharton (UPenn),11.0,2.7500,0.2500,1,2024,2024
810,Dennis J. Zhang,UW (Foster),11.0,2.7500,0.2500,1,2025,2025
810,Kevin G. Volpp,Wharton (UPenn),11.0,2.7500,0.2500,1,2024,2024
810,Suparerk Lekwijit,Arizona State (Carey),11.0,2.7500,0.2500,1,2024,2024
814,Ahmad M. Ashkanani,UW (Foster),8.0,2.6667,0.3333,1,2022,2022
814,Benjamin B. Dunford,Purdue (Daniels),8.0,2.6667,0.3333,1,2022,2022
814,Douglas Guilbeault,UC Berkeley (Haas),8.0,2.6667,0.3333,1,2022,2022
814,Edward Bishop Smith,Northwestern (Kellogg),8.0,2.6667,0.3333,1,2022,2022
814,Edward Dickersin Van Wesep,Colorado (Leeds),8.0,2.6667,0.3333,1,2022,2022
814,Fanyin Zheng,Columbia,8.0,2.6667,0.3333,1,2024,2024
814,Joan Brown,USC (Marshall),8.0,2.6667,0.3333,1,2024,2024
814,Jordan Martel,Indiana (Kelley),8.0,2.6667,0.3333,1,2022,2022
814,Kevin J. Mumford,Purdue (Daniels),8.0,2.6667,0.3333,1,2022,2022
814,Mohammad E. Nikoofal,Toronto (Rotman),8.0,2.6667,0.3333,1,2022,2022
814,Necati Ertekin,Minnesota (Carlson),8.0,2.6667,0.3333,1,2022,2022
814,Robert Van Wesep,Maryland (Smith),8.0,2.6667,0.3333,1,2022,2022
814,Sytske C. Wijnsma,UC Berkeley (Haas),8.0,2.6667,0.3333,1,2024,2024
827,Anita Cattrell,Virginia (Darden),13.0,2.6000,0.2000,1,2022,2022
827,Katherine Bobroske,Virginia (Darden),13.0,2.6000,0.2000,1,2022,2022
829,Gregory M. Fischer,UC Berkeley (Haas),26.0,2.6000,0.1000,1,2023,2023
829,James Chu,Columbia,26.0,2.6000,0.1000,1,2023,2023
829,Joshua Cohen,Stanford,26.0,2.6000,0.1000,1,2023,2023
829,Prashant Loyalka,Columbia,26.0,2.6000,0.1000,1,2023,2023
833,Paul Glasserman,Columbia,6.0,2.5000,0.8333,2,2019,2025
834,Cagin Uru,Duke (Fuqua),5.0,2.5000,0.5000,1,2024,2024
834,Yuchong Zhang,Toronto (Rotman),5.0,2.5000,0.5000,1,2024,2024
836,Daniel Bauer,Wisconsin-Madison,10.0,2.5000,0.2500,1,2020,2020
836,Steven Kou,Boston U (Questrom),10.0,2.5000,0.2500,1,2023,2023
838,Anne Canamucio,UW (Foster),12.0,2.4000,0.2000,1,2022,2022
838,Humoud Alsabah,Columbia,12.0,2.4000,0.2000,1,2021,2021
838,Rachel M. Werner,Wharton (UPenn),12.0,2.4000,0.2000,1,2022,2022
838,Steven C. Marcus,Wharton (UPenn),12.0,2.4000,0.2000,1,2022,2022
842,Cynthia Cryder,UW (Foster),7.0,2.3333,0.3333,1,2024,2024
842,Deniz Akturk,WashU (Olin),7.0,2.3333,0.3333,1,2025,2025
842,Jens Leth Hougaard,NYU (Stern),7.0,2.3333,0.3333,1,2022,2022
842,Rachel Gershon,UC Berkeley (Haas),7.0,2.3333,0.3333,1,2024,2024
842,Ron Adner,Dartmouth (Tuck),7.0,2.3333,0.3333,1,2023,2023
842,Zhi-Long Chen,Maryland (Smith),7.0,2.3333,0.3333,1,2024,2024
848,Michelle Xiao Wu,MIT,9.0,2.2500,0.4500,2,2024,2025
849,Don A. Moore,UC Berkeley (Haas),9.0,2.2500,0.2500,1,2024,2024
849,Elliot Rabinovich,Arizona State (Carey),9.0,2.2500,0.2500,1,2025,2025
849,Jack B. Soll,Duke (Fuqua),9.0,2.2500,0.2500,1,2024,2024
849,Joshua Klayman,Chicago (Booth),9.0,2.2500,0.2500,1,2024,2024
849,Rui Sun,UW (Foster),9.0,2.2500,0.2500,1,2024,2024
849,Sanghak Lee,Arizona State (Carey),9.0,2.2500,0.2500,1,2025,2025
849,Stanley Frederick W. T. Lim,Michigan State (Broad),9.0,2.2500,0.2500,1,2025,2025
856,Jay Simon,UW (Foster),2.0,2.0000,1.0000,1,2024,2024
857,Jackie Baek,NYU (Stern),4.0,2.0000,0.6250,2,2024,2025
858,Dor Morag,Wharton (UPenn),4.0,2.0000,0.5000,1,2025,2025
858,Hanna Halaburda,NYU (Stern),4.0,2.0000,0.5000,1,2024,2024
858,Jabari Myles,UNC (Kenan-Flagler),4.0,2.0000,0.5000,1,2025,2025
858,Jacob Zureich,Wharton (UPenn),4.0,2.0000,0.5000,1,2025,2025
858,Joshua S. Gans,Toronto (Rotman),4.0,2.0000,0.5000,1,2024,2024
858,Kan Xu,Arizona State (Carey),4.0,2.0000,0.5000,1,2025,2025
858,Manasvini Singh,Carnegie Mellon (Tepper),4.0,2.0000,0.5000,1,2025,2025
858,Thomas Lloyd,Michigan (Ross),4.0,2.0000,0.5000,1,2024,2024
866,Ajin Lee,Michigan State (Broad),6.0,2.0000,0.3333,1,2022,2022
866,Chen Chen,NYU (Stern),6.0,2.0000,0.3333,1,2024,2024
866,Clément S. Bellet,SMU (Cox),6.0,2.0000,0.3333,1,2025,2025
866,Dennis Zhang,WashU (Olin),6.0,2.0000,0.3333,1,2025,2025
866,Ginger Zhe Jin,Maryland (Smith),6.0,2.0000,0.3333,1,2022,2022
866,Jimin Park,MIT,6.0,2.0000,0.3333,1,2024,2024
866,Marco Salerno,Toronto (Rotman),6.0,2.0000,0.3333,1,2024,2024
866,On Amir,UC San Diego (Rady),6.0,2.0000,0.3333,1,2023,2023
866,Redouane Elkamhi,Toronto (Rotman),6.0,2.0000,0.3333,1,2024,2024
866,Saif Benjaafar,Michigan (Ross),6.0,2.0000,0.3333,1,2025,2025
866,Xiaotang Yang,Minnesota (Carlson),6.0,2.0000,0.3333,1,2025,2025
877,Alexander Wei,UC Berkeley (Haas),8.0,2.0000,0.2500,1,2023,2023
877,Douglas R. Bish,USC (Marshall),8.0,2.0000,0.2500,1,2022,2022
877,Ebru K. Bish,USC (Marshall),8.0,2.0000,0.2500,1,2022,2022
880,Fransisca Susan,MIT,10.0,2.0000,0.2000,1,2023,2023
881,Andrea Lodi,Cornell,9.0,1.8000,0.2000,1,2024,2024
881,Andrew Daw,USC (Marshall),9.0,1.8000,0.2000,1,2025,2025
881,Antonio Castellanos,Chicago (Booth),9.0,1.8000,0.2000,1,2025,2025
881,Jamol Pender,Cornell,9.0,1.8000,0.2000,1,2025,2025
885,Guido Imbens,Stanford,7.0,1.7000,0.4500,2,2022,2024
886,Tamar Cohen-Hillel,UBC (Sauder),5.0,1.6667,0.3333,1,2023,2023
886,Turgay Ayer,Georgia Tech (Scheller),5.0,1.6667,0.3333,1,2022,2022
888,Joseph Newhouse,Harvard,8.0,1.6000,0.2000,1,2023,2023
888,Mary Beth Landrum,Harvard,8.0,1.6000,0.2000,1,2023,2023
890,Lan Wang,Florida (Warrington),5.0,1.5333,0.5333,2,2025,2026
891,Bart Van Parys,MIT,3.0,1.5000,0.5000,1,2024,2024
891,Jorge Lemus,UIUC (Gies),3.0,1.5000,0.5000,1,2023,2023
891,Kuang Xu,Stanford,3.0,1.5000,0.5000,1,2021,2021
891,Samim Ghamami,UC Berkeley (Haas),3.0,1.5000,0.5000,1,2019,2019
891,Yiding Feng,Chicago (Booth),3.0,1.5000,0.5000,1,2025,2025
891,Zijie Zhou,MIT,3.0,1.5000,0.5000,1,2025,2025
897,Susan Athey,Stanford,6.0,1.5000,0.3929,2,2024,2025
898,Anicet A. Fangwa,McGill (Desautels),6.0,1.5000,0.2500,1,2024,2024
898,Caroline Flammer,Columbia,6.0,1.5000,0.2500,1,2024,2024
898,Ding Zhao,Carnegie Mellon (Tepper),6.0,1.5000,0.2500,1,2024,2024
898,Hemeng Li,Cornell,6.0,1.5000,0.2500,1,2025,2025
898,Pieter L. van den Berg,SMU (Cox),6.0,1.5000,0.2500,1,2025,2025
898,Rowan P. Clarke,Harvard,6.0,1.5000,0.2500,1,2024,2024
898,Ruoxuan Xiong,Emory (Goizueta),6.0,1.5000,0.2500,1,2024,2024
898,Shane G. Henderson,Cornell,6.0,1.5000,0.2500,1,2025,2025
898,Yuanlu Bai,Columbia,6.0,1.5000,0.2500,1,2024,2024
907,Vijay Kamble,UIUC (Gies),7.0,1.4000,0.7000,2,2023,2024
908,Abhay Parekh,UC Berkeley (Haas),7.0,1.4000,0.2000,1,2023,2023
908,David Marn,UC Berkeley (Haas),7.0,1.4000,0.2000,1,2023,2023
908,Kannan Ramchandran,UC Berkeley (Haas),7.0,1.4000,0.2000,1,2023,2023
908,Nihar Shah,Carnegie Mellon (Tepper),7.0,1.4000,0.2000,1,2023,2023
912,Sergei Savin,Wharton (UPenn),4.0,1.3333,0.6667,2,2023,2024
913,Linwei Xin,Chicago (Booth),7.0,1.3333,0.5000,2,2024,2025
914,Alex Imas,Chicago (Booth),4.0,1.3333,0.3333,1,2025,2025
914,Ankur Mani,Minnesota (Carlson),4.0,1.3333,0.3333,1,2022,2022
914,Dan Iancu,Stanford,4.0,1.3333,0.3333,1,2021,2021
914,Dennis Huisman,SMU (Cox),4.0,1.3333,0.3333,1,2022,2022
914,Gurdip Bakshi,Wharton (UPenn),4.0,1.3333,0.3333,1,2021,2021
914,Jaelynn Oh,UNC (Kenan-Flagler),4.0,1.3333,0.3333,1,2025,2025
914,Jiali Huang,Minnesota (Carlson),4.0,1.3333,0.3333,1,2022,2022
914,Nilay Taník Argon,UNC (Kenan-Flagler),4.0,1.3333,0.3333,1,2022,2022
914,Osbert Bastani,Wharton (UPenn),4.0,1.3333,0.3333,1,2026,2026
914,Thomas Breugem,SMU (Cox),4.0,1.3333,0.3333,1,2022,2022
914,Tuoyi Zhao,Florida (Warrington),4.0,1.3333,0.3333,1,2025,2025
914,Twan Dollevoet,SMU (Cox),4.0,1.3333,0.3333,1,2022,2022
914,Wen-Xin Zhou,UIUC (Gies),4.0,1.3333,0.3333,1,2025,2025
914,Wichinpong Park Sinchaisri,UC Berkeley (Haas),4.0,1.3333,0.3333,1,2026,2026
914,Xavier Warnes,Stanford,4.0,1.3333,0.3333,1,2021,2021
914,Xiaohui Gao,Wharton (UPenn),4.0,1.3333,0.3333,1,2021,2021
930,John R. Busenbark,Notre Dame (Mendoza),5.0,1.2500,0.2500,1,2026,2026
930,Kaitlin D. Wowak,Notre Dame (Mendoza),5.0,1.2500,0.2500,1,2026,2026
930,Karthik V. Natarajan,Minnesota (Carlson),5.0,1.2500,0.2500,1,2026,2026
933,Alisa Judy-Malcolm,Indiana (Kelley),10.0,1.2500,0.1250,1,2023,2023
933,Areeba Kara,Indiana (Kelley),10.0,1.2500,0.1250,1,2023,2023
933,Edwin C. Coe,UW (Foster),10.0,1.2500,0.1250,1,2023,2023
933,Jonathan E. Helm,Indiana (Kelley),10.0,1.2500,0.1250,1,2023,2023
933,Kurt M. Bretthauer,Indiana (Kelley),10.0,1.2500,0.1250,1,2023,2023
938,Carey E. Priebe,Johns Hopkins (Carey),14.0,1.1667,0.0833,1,2025,2025
938,Christopher White,UW (Foster),14.0,1.1667,0.0833,1,2025,2025
938,Emily Cox Pahnke,UW (Foster),14.0,1.1667,0.0833,1,2025,2025
938,Fereshteh Amini,UW (Foster),14.0,1.1667,0.0833,1,2025,2025
938,Jeffrey Weston,UW (Foster),14.0,1.1667,0.0833,1,2025,2025
938,Jonathan Larson,UW (Foster),14.0,1.1667,0.0833,1,2025,2025
938,Joshua Vogelstein,Johns Hopkins (Carey),14.0,1.1667,0.0833,1,2025,2025
938,Neha Parikh Shah,UW (Foster),14.0,1.1667,0.0833,1,2025,2025
938,Nicholas Caurvina,UW (Foster),14.0,1.1667,0.0833,1,2025,2025
938,Patrick Bourke,UW (Foster),14.0,1.1667,0.0833,1,2025,2025
938,Tiona Zuzul,Harvard,14.0,1.1667,0.0833,1,2025,2025
938,Youngser Park,Johns Hopkins (Carey),14.0,1.1667,0.0833,1,2025,2025
950,Hongda Zhong,UT Dallas,1.0,1.0000,1.0000,1,2025,2025
951,Soheil Ghili,Yale,2.0,1.0000,0.8333,2,2021,2026
952,Aydın Alptekinoğlu,Penn State (Smeal),2.0,1.0000,0.5000,1,2026,2026
952,Chonghuan Wang,MIT,2.0,1.0000,0.5000,1,2025,2025
952,Eojin Han,Notre Dame (Mendoza),2.0,1.0000,0.5000,1,2025,2025
952,Joowon Klusowski,Yale,2.0,1.0000,0.5000,1,2025,2025
952,Peter Klibanoff,Northwestern (Kellogg),2.0,1.0000,0.5000,1,2021,2021
952,Sunkee Lee,Carnegie Mellon (Tepper),2.0,1.0000,0.5000,1,2026,2026
952,Tim Randolph,Columbia,2.0,1.0000,0.5000,1,2022,2022
959,Dirk Hackbarth,Boston U (Questrom),3.0,1.0000,0.3333,1,2022,2022
959,Ekaterina Astashkina,Michigan (Ross),3.0,1.0000,0.3333,1,2025,2025
959,Eojin Han,Northwestern (Kellogg),3.0,1.0000,0.3333,1,2019,2019
959,Murat Köksalan,Michigan (Ross),3.0,1.0000,0.3333,1,2023,2023
959,Omid Nohadani,Northwestern (Kellogg),3.0,1.0000,0.3333,1,2019,2019
959,Shreyas Sekar,Harvard,3.0,1.0000,0.3333,1,2021,2021
959,Thomas J. Chemmanur,Boston College (Carroll),3.0,1.0000,0.3333,1,2025,2025
959,Zhipeng Liao,UCLA (Anderson),3.0,1.0000,0.3333,1,2024,2024
967,Parshan Pakiman,UIUC (Gies),4.0,1.0000,0.2500,1,2025,2025
967,Shelly Rathee,Wharton (UPenn),4.0,1.0000,0.2500,1,2023,2023
969,Cong Shi,Florida (Warrington),5.0,1.0000,0.2000,1,2025,2025
969,Edward McFowland,Harvard,5.0,1.0000,0.2000,1,2023,2023
969,Esmaeil Keyvanshokooh,Texas A&M (Mays),5.0,1.0000,0.2000,1,2025,2025
969,Jui Ramaprasad,Maryland (Smith),5.0,1.0000,0.2000,1,2023,2023
969,Mark P. Van Oyen,Michigan (Ross),5.0,1.0000,0.2000,1,2025,2025
969,Mohammad Zhalechian,Indiana (Kelley),5.0,1.0000,0.2000,1,2025,2025
975,René Caldentey,Chicago (Booth),6.0,1.0000,0.1667,1,2024,2024
975,Yuan Zhong,Chicago (Booth),6.0,1.0000,0.1667,1,2024,2024
977,Claire Holloway,Toronto (Rotman),7.0,1.0000,0.1429,1,2022,2022
977,Katharina Forster,Toronto (Rotman),7.0,1.0000,0.1429,1,2022,2022
977,Luciano Ieraci,Toronto (Rotman),7.0,1.0000,0.1429,1,2022,2022
977,Nasrin Yousefi,Toronto (Rotman),7.0,1.0000,0.1429,1,2022,2022
977,Yusuf Shalaby,Toronto (Rotman),7.0,1.0000,0.1429,1,2022,2022
982,Scott Rodilitz,UCLA (Anderson),3.0,0.9167,1.0833,3,2022,2025
983,Abhishek Deshmane,Georgia Tech (Scheller),2.0,0.8333,0.8333,2,2025,2025
984,Gui Liberali,SMU (Cox),4.0,0.8000,0.2000,1,2022,2022
984,Kaiqing Zhang,Maryland (Smith),4.0,0.8000,0.2000,1,2025,2025
984,Tamer Başar,UIUC (Gies),4.0,0.8000,0.2000,1,2025,2025
984,Weichao Mao,UIUC (Gies),4.0,0.8000,0.2000,1,2025,2025
988,Fuqiang Zhang,WashU (Olin),3.0,0.7500,0.2500,1,2025,2025
989,Feng Zhu,MIT,2.0,0.6667,1.0000,3,2024,2025
990,Cleotilde Gonzalez,Carnegie Mellon (Tepper),2.0,0.6667,0.3333,1,2025,2025
990,Dorothee Honhon,UT Dallas,2.0,0.6667,0.3333,1,2025,2025
990,Gregory Macnamara,Stanford,2.0,0.6667,0.3333,1,2022,2022
990,Kalyan Singhal,Maryland (Smith),2.0,0.6667,0.3333,1,2025,2025
990,Krista Li,Indiana (Kelley),2.0,0.6667,0.3333,1,2025,2025
990,Xiajun Amy Pan,Florida (Warrington),2.0,0.6667,0.3333,1,2025,2025
996,Angela Kohlenberg,Northwestern (Kellogg),1.0,0.5000,0.5000,1,2025,2025
996,Bauke Visser,SMU (Cox),1.0,0.5000,0.5000,1,2025,2025
996,Evan Polman,Wisconsin-Madison,1.0,0.5000,0.5000,1,2025,2025
996,Mauricio Palmeira,Florida (Warrington),1.0,0.5000,0.5000,1,2025,2025
996,René A. Caldentey,Chicago (Booth),1.0,0.5000,0.5000,1,2022,2022
996,Uri Gneezy,UC San Diego (Rady),1.0,0.5000,0.5000,1,2025,2025
1002,Jan Willem Lindemans,Duke (Fuqua),3.0,0.5000,0.1667,1,2025,2025
1002,Jonathan N. Cloughesy,USC (Marshall),3.0,0.5000,0.1667,1,2025,2025
1002,Nina Bartmann,Duke (Fuqua),3.0,0.5000,0.1667,1,2025,2025
1005,Zhaoran Wang,Northwestern (Kellogg),2.0,0.4500,0.4500,2,2026,2026
1006,Dayton Steele,Minnesota (Carlson),1.0,0.3333,0.6667,2,2025,2026
1007,Angelos Tsoukalas,SMU (Cox),1.0,0.3333,0.3333,1,2026,2026
1007,Artem Timoshenko,Northwestern (Kellogg),1.0,0.3333,0.3333,1,2025,2025
1007,Arthur Delarue,Georgia Tech (Scheller),1.0,0.3333,0.3333,1,2025,2025
1007,Ayoub Amil,Duke (Fuqua),1.0,0.3333,0.3333,1,2025,2025
1007,Christoph Schiller,Arizona State (Carey),1.0,0.3333,0.3333,1,2025,2025
1007,Duncan Simester,MIT,1.0,0.3333,0.3333,1,2025,2025
1007,Ido Bright,UW (Foster),1.0,0.3333,0.3333,1,2025,2025
1007,Jess Cornaggia,Penn State (Smeal),1.0,0.3333,0.3333,1,2025,2025
1007,Kimberly Cornaggia,Penn State (Smeal),1.0,0.3333,0.3333,1,2025,2025
1007,Mehmet I. Canayaz,Penn State (Smeal),1.0,0.3333,0.3333,1,2025,2025
1007,Michael Hertzel,Arizona State (Carey),1.0,0.3333,0.3333,1,2025,2025
1007,Pengyu Qian,Boston U (Questrom),1.0,0.3333,0.3333,1,2025,2025
1007,Raoul Minetti,Michigan State (Broad),1.0,0.3333,0.3333,1,2025,2025
1007,Susan Chun Zhu,Michigan State (Broad),1.0,0.3333,0.3333,1,2025,2025
1007,Tarun Kushwaha,Wisconsin-Madison,1.0,0.3333,0.3333,1,2026,2026
1007,Vanitha Virudachalam,UIUC (Gies),1.0,0.3333,0.3333,1,2023,2023
1007,Yaqi Xie,Chicago (Booth),1.0,0.3333,0.3333,1,2025,2025
1007,Yuval Rottenstreich,UC San Diego (Rady),1.0,0.3333,0.3333,1,2023,2023
1025,Aaron Babier,Toronto (Rotman),1.0,0.2500,0.2500,1,2025,2025
1025,Adam Diamant,Toronto (Rotman),1.0,0.2500,0.2500,1,2025,2025
1025,Akshaya Suresh,Virginia (Darden),1.0,0.2500,0.2500,1,2025,2025
1025,Alexandra Chouldechova,Carnegie Mellon (Tepper),1.0,0.2500,0.2500,1,2025,2025
1025,Amine Bennouna,MIT,1.0,0.2500,0.2500,1,2025,2025
1025,Artur Dubrawski,Carnegie Mellon (Tepper),1.0,0.2500,0.2500,1,2025,2025
1025,Ashvin Gandhi,UCLA (Anderson),1.0,0.2500,0.2500,1,2025,2025
1025,Daniel Wiesen,SMU (Cox),1.0,0.2500,0.2500,1,2026,2026
1025,Donghao Ying,UC Berkeley (Haas),1.0,0.2500,0.2500,1,2026,2026
1025,Elisa F. Long,UCLA (Anderson),1.0,0.2500,0.2500,1,2025,2025
1025,Javad Lavaei,UC Berkeley (Haas),1.0,0.2500,0.2500,1,2026,2026
1025,Jingyuan Hu,UCLA (Anderson),1.0,0.2500,0.2500,1,2025,2025
1025,Jue Wang,Cornell,1.0,0.2500,0.2500,1,2025,2025
1025,Long He,UW (Foster),1.0,0.2500,0.2500,1,2025,2025
1025,Mengzi Amy Guo,UC Berkeley (Haas),1.0,0.2500,0.2500,1,2026,2026
1025,Omar Skali Lami,MIT,1.0,0.2500,0.2500,1,2025,2025
1025,Roozbeh Yousefi,MIT,1.0,0.2500,0.2500,1,2025,2025
1025,Vincent Jeanselme,UNC (Kenan-Flagler),1.0,0.2500,0.2500,1,2025,2025
1025,Volodymyr Babich,UW (Foster),1.0,0.2500,0.2500,1,2025,2025
1025,Xueze Song,USC (Marshall),1.0,0.2500,0.2500,1,2025,2025
1045,Houssam Nassif,UW (Foster),1.0,0.2000,0.2000,1,2022,2022
1045,Joseph Hong,UW (Foster),1.0,0.2000,0.2000,1,2022,2022
1045,Michael Honig,Northwestern (Kellogg),1.0,0.2000,0.2000,1,2020,2020
1045,Rakesh Vohra,Wharton (UPenn),1.0,0.2000,0.2000,1,2020,2020
1045,Sareh Nabi,UW (Foster),1.0,0.2000,0.2000,1,2022,2022
1045,Thành Nguyen,Purdue (Daniels),1.0,0.2000,0.2000,1,2020,2020
1045,Vijay Subramanian,Michigan (Ross),1.0,0.2000,0.2000,1,2020,2020
1045,Zhengling Qi,UW (Foster),1.0,0.2000,0.2000,1,2026,2026
1045,Zhuoran Yang,Yale,1.0,0.2000,0.2000,1,2026,2026
1045,Zuyue Fu,Northwestern (Kellogg),1.0,0.2000,0.2000,1,2026,2026
1055,Berkeley J. Dietvorst,Chicago (Booth),0.0,0.0000,1.0000,1,2025,2025
1056,Elisabeth Paulson,Harvard,0.0,0.0000,0.6667,2,2025,2025
1057,Chonghuan Wang,UT Dallas,0.0,0.0000,0.5333,2,2025,2025
1057,John Silberholz,Maryland (Smith),0.0,0.0000,0.5333,2,2025,2025
1059,Antoine Désir,MIT,0.0,0.0000,0.5000,1,2025,2025
1059,Brian Tomlin,Dartmouth (Tuck),0.0,0.0000,0.5000,1,2026,2026
1059,David Dunning,Michigan (Ross),0.0,0.0000,0.5000,1,2026,2026
1059,Ebru Kaşıkaralar,Chicago (Booth),0.0,0.0000,0.5000,1,2025,2025
1059,Eren Ozbay,UIUC (Gies),0.0,0.0000,0.5000,1,2024,2024
1059,Evan Yao,MIT,0.0,0.0000,0.5000,1,2025,2025
1059,Hongyu Chen,MIT,0.0,0.0000,0.5000,1,2025,2025
1059,Jamie Tucker-Foltz,Harvard,0.0,0.0000,0.5000,1,2025,2025
1059,Karen Donohue,Arizona State (Carey),0.0,0.0000,0.5000,1,2026,2026
1059,Kinshuk Jerath,Columbia,0.0,0.0000,0.5000,1,2024,2024
1059,Kumar Rajaram,UCLA (Anderson),0.0,0.0000,0.5000,1,2026,2026
1059,Richard Zeckhauser,Harvard,0.0,0.0000,0.5000,1,2025,2025
1059,Russell J. Funk,Minnesota (Carlson),0.0,0.0000,0.5000,1,2025,2025
1059,Setareh Farajollahzadeh,McGill (Desautels),0.0,0.0000,0.5000,1,2025,2025
1059,Shanshan Luo,UBC (Sauder),0.0,0.0000,0.5000,1,2025,2025
1059,Sofia Bapna,Minnesota (Carlson),0.0,0.0000,0.5000,1,2025,2025
1059,Stav Atir,Wisconsin-Madison,0.0,0.0000,0.5000,1,2026,2026
1059,Swanand Kulkarni,Georgia Tech (Scheller),0.0,0.0000,0.5000,1,2026,2026
1059,Xu Sun,Florida (Warrington),0.0,0.0000,0.5000,1,2025,2025
1059,Yeonjoo Lee,Penn State (Smeal),0.0,0.0000,0.5000,1,2026,2026
1079,Alberto Quaini,SMU (Cox),0.0,0.0000,0.3333,1,2025,2025
1079,Andrey Fradkin,Boston U (Questrom),0.0,0.0000,0.3333,1,2026,2026
1079,Anqi Wu,Florida (Warrington),0.0,0.0000,0.3333,1,2025,2025
1079,Anton Kleywegt,Georgia Tech (Scheller),0.0,0.0000,0.3333,1,2025,2025
1079,Arthur Delarue,Virginia (Darden),0.0,0.0000,0.3333,1,2026,2026
1079,Catherine H. Tinsley,UW (Foster),0.0,0.0000,0.3333,1,2025,2025
1079,Christopher F. Chabris,Wharton (UPenn),0.0,0.0000,0.3333,1,2025,2025
1079,Craig Fernandes,Toronto (Rotman),0.0,0.0000,0.3333,1,2025,2025
1079,Danial Mohseni-Taheri,UIUC (Gies),0.0,0.0000,0.3333,1,2023,2023
1079,Danna Thomas,Columbia,0.0,0.0000,0.3333,1,2026,2026
1079,David D. Yao,Columbia,0.0,0.0000,0.3333,1,2026,2026
1079,Felipe A. Araujo,Wharton (UPenn),0.0,0.0000,0.3333,1,2025,2025
1079,Irene Y. Lo,Stanford,0.0,0.0000,0.3333,1,2025,2025
1079,Jiayue Wan,Cornell,0.0,0.0000,0.3333,1,2025,2025
1079,Joann F. de Zegher,MIT,0.0,0.0000,0.3333,1,2025,2025
1079,John J. Horton,MIT,0.0,0.0000,0.3333,1,2026,2026
1079,Joonho Bae,Indiana (Kelley),0.0,0.0000,0.3333,1,2025,2025
1079,Lindsey Woodworth,Columbia,0.0,0.0000,0.3333,1,2026,2026
1079,Michael Jong Kim,UBC (Sauder),0.0,0.0000,0.3333,1,2026,2026
1079,Michelle N. Meyer,Wharton (UPenn),0.0,0.0000,0.3333,1,2025,2025
1079,Orgül Öztürk,Columbia,0.0,0.0000,0.3333,1,2026,2026
1079,Peter I. Frazier,Cornell,0.0,0.0000,0.3333,1,2025,2025
1079,Richard Gonzalez,Michigan (Ross),0.0,0.0000,0.3333,1,2025,2025
1079,Sebastien Martin,Northwestern (Kellogg),0.0,0.0000,0.3333,1,2026,2026
1079,Siva Theja Maguluri,Georgia Tech (Scheller),0.0,0.0000,0.3333,1,2025,2025
1079,Sofonias Alemu Korsaye,Johns Hopkins (Carey),0.0,0.0000,0.3333,1,2025,2025
1079,Sridhar Seshadri,UIUC (Gies),0.0,0.0000,0.3333,1,2025,2025
1079,Sushil Mahavir Varma,Georgia Tech (Scheller),0.0,0.0000,0.3333,1,2025,2025
1079,Tami Kim,Harvard,0.0,0.0000,0.3333,1,2017,2017
1079,Timothy C.Y. Chan,Toronto (Rotman),0.0,0.0000,0.3333,1,2025,2025
1079,Uttara M. Ananthakrishnan,UW (Foster),0.0,0.0000,0.3333,1,2025,2025
1079,Vibhuti Dhingra,Toronto (Rotman),0.0,0.0000,0.3333,1,2025,2025
1079,Vineet Kumar,Yale,0.0,0.0000,0.3333,1,2026,2026
1079,Woonghee Tim Huh,UBC (Sauder),0.0,0.0000,0.3333,1,2026,2026
1079,Xue Wang,UW (Foster),0.0,0.0000,0.3333,1,2025,2025
1079,Xuejun Zhao,UNC (Kenan-Flagler),0.0,0.0000,0.3333,1,2025,2025
1079,Yeqing Zhou,SMU (Cox),0.0,0.0000,0.3333,1,2026,2026
1079,Yu (Rain) Kan,Indiana (Kelley),0.0,0.0000,0.3333,1,2025,2025
1079,Yuan Shi,MIT,0.0,0.0000,0.3333,1,2025,2025
1079,Yujia Zhang,Cornell,0.0,0.0000,0.3333,1,2025,2025
1119,Andrew Li,Carnegie Mellon (Tepper),0.0,0.0000,0.2500,1,2025,2025
1119,Ayelet Gneezy,UC San Diego (Rady),0.0,0.0000,0.2500,1,2025,2025
1119,Brian Rongqing Han,UIUC (Gies),0.0,0.0000,0.2500,1,2025,2025
1119,Fan Zou,Penn State (Smeal),0.0,0.0000,0.2500,1,2025,2025
1119,Haiyan Liu,Florida (Warrington),0.0,0.0000,0.2500,1,2018,2018
1119,Hannah Li,Stanford,0.0,0.0000,0.2500,1,2022,2022
1119,Khaled Saleh,Michigan (Ross),0.0,0.0000,0.2500,1,2018,2018
1119,Kyra Gan,Cornell,0.0,0.0000,0.2500,1,2025,2025
1119,Leif D. Nelson,UC Berkeley (Haas),0.0,0.0000,0.2500,1,2025,2025
1119,M. Bumin Yenmez,Boston College (Carroll),0.0,0.0000,0.2500,1,2024,2024
1119,M. Utku Ünver,Boston College (Carroll),0.0,0.0000,0.2500,1,2024,2024
1119,Minah H. Jung,NYU (Stern),0.0,0.0000,0.2500,1,2025,2025
1119,Parag A. Pathak,MIT,0.0,0.0000,0.2500,1,2024,2024
1119,Ramesh Johari,Stanford,0.0,0.0000,0.2500,1,2022,2022
1119,Sriram Venkataraman,Columbia,0.0,0.0000,0.2500,1,2025,2025
1119,Su Jia,Cornell,0.0,0.0000,0.2500,1,2025,2025
1119,Tayfun Sönmez,Boston College (Carroll),0.0,0.0000,0.2500,1,2024,2024
1119,Yan Dong,Columbia,0.0,0.0000,0.2500,1,2025,2025
1137,C. B. Bhattacharya,Wharton (UPenn),0.0,0.0000,0.2000,1,2025,2025
1137,Chaojie Ji,UBC (Sauder),0.0,0.0000,0.2000,1,2025,2025
1137,Chu Wang,UW (Foster),0.0,0.0000,0.2000,1,2025,2025
1137,Damian Beil,Michigan (Ross),0.0,0.0000,0.2000,1,2025,2025
1137,Daniel Houser,Virginia (Darden),0.0,0.0000,0.2000,1,2026,2026
1137,Deena Kelly Costa,Yale,0.0,0.0000,0.2000,1,2025,2025
1137,Evan Gilbertson,Wharton (UPenn),0.0,0.0000,0.2000,1,2025,2025
1137,Guangyu Zhang,UW (Foster),0.0,0.0000,0.2000,1,2025,2025
1137,Jiawei Li,UW (Foster),0.0,0.0000,0.2000,1,2025,2025
1137,Jiayang Ren,UBC (Sauder),0.0,0.0000,0.2000,1,2025,2025
1137,Kaixun Hua,UBC (Sauder),0.0,0.0000,0.2000,1,2025,2025
1137,León Valdés,Wharton (UPenn),0.0,0.0000,0.2000,1,2025,2025
1137,Lisa M. Maillart,Wharton (UPenn),0.0,0.0000,0.2000,1,2018,2018
1137,Mark S. Roberts,Wharton (UPenn),0.0,0.0000,0.2000,1,2018,2018
1137,Michael Sjoding,Michigan (Ross),0.0,0.0000,0.2000,1,2025,2025
1137,Oleg A. Prokopyev,Wharton (UPenn),0.0,0.0000,0.2000,1,2018,2018
1137,Oliver Hahl,Carnegie Mellon (Tepper),0.0,0.0000,0.2000,1,2025,2025
1137,Renfei Tan,MIT,0.0,0.0000,0.2000,1,2025,2025
1137,Samir F. Saba,Wharton (UPenn),0.0,0.0000,0.2000,1,2018,2018
1137,Trevor Young-Hyman,Wharton (UPenn),0.0,0.0000,0.2000,1,2025,2025
1137,Yankai Cao,UBC (Sauder),0.0,0.0000,0.2000,1,2025,2025
1137,Yuhang Wu,UC Berkeley (Haas),0.0,0.0000,0.2000,1,2025,2025
1137,Zuohua Zhang,UW (Foster),0.0,0.0000,0.2000,1,2025,2025
1160,Andrew Caplin,NYU (Stern),0.0,0.0000,0.1429,1,2025,2025
1160,Angela L. Duckworth,Wharton (UPenn),0.0,0.0000,0.1429,1,2025,2025
1160,Ben Weidmann,Harvard,0.0,0.0000,0.1429,1,2025,2025
1160,David Deming,Harvard,0.0,0.0000,0.1429,1,2025,2025
1160,Dean Karlan,Northwestern (Kellogg),0.0,0.0000,0.1429,1,2025,2025
1160,Erika L. Kirgios,Chicago (Booth),0.0,0.0000,0.1429,1,2025,2025
1160,Kadachi Jiada Ye,NYU (Stern),0.0,0.0000,0.1429,1,2025,2025
1160,Michael Luca,Johns Hopkins (Carey),0.0,0.0000,0.1429,1,2025,2025
1160,Molly Offer-Westort,Chicago (Booth),0.0,0.0000,0.1429,1,2025,2025
1160,Shangwen Li,NYU (Stern),0.0,0.0000,0.1429,1,2025,2025
1170,Andreea Georgescu,MIT,0.0,0.0000,0.1250,1,2025,2025
1170,Andrew T. Zheng,UBC (Sauder),0.0,0.0000,0.1250,1,2025,2025
1170,Jingchen Wu,UW (Foster),0.0,0.0000,0.1250,1,2026,2026
1170,Joshua T. Wilde,MIT,0.0,0.0000,0.1250,1,2025,2025
1170,Omar Mouchtaki,NYU (Stern),0.0,0.0000,0.1250,1,2026,2026
1170,Salal Humair,UW (Foster),0.0,0.0000,0.1250,1,2026,2026
1170,Tianyi Peng,Columbia,0.0,0.0000,0.1250,1,2025,2025
