rank,person_name,rankings_school,paper_count_full,paper_count_frac_authors,citation_frac_authors_openalex,unique_om_or_papers,first_year,last_year
1,David Simchi-Levi,MIT,40,19.7667,276.2500,40,2017,2025
2,Yiangos Papanastasiou,UC Berkeley (Haas),8,4.3333,417.0000,8,2017,2024
3,Ming Hu,Toronto (Rotman),11,4.2500,257.2500,11,2016,2025
4,Serguei Netessine,Wharton (UPenn),9,3.3333,270.6667,9,2019,2024
5,Hamsa Bastani,Wharton (UPenn),7,3.1667,73.3333,7,2019,2026
6,Kostas Bimpikis,Stanford,9,3.0000,260.9167,9,2016,2024
7,Soo-Haeng Cho,Carnegie Mellon (Tepper),8,3.0000,259.5000,8,2017,2024
8,Achal Bassamboo,Northwestern (Kellogg),8,3.0000,144.1667,8,2016,2021
9,Jun Li,Michigan (Ross),8,2.9167,278.3333,8,2018,2025
10,Juan Camilo Serpa,McGill (Desautels),7,2.7500,156.4167,7,2017,2025
11,Georgia Perakis,MIT,9,2.7000,229.7333,9,2016,2025
12,Nikolaos Trichakis,MIT,9,2.7000,202.2000,9,2018,2024
13,Retsef Levi,MIT,9,2.6012,107.4762,9,2017,2025
14,Vishal Gupta,USC (Marshall),5,2.5833,78.7500,5,2019,2022
15,Adam N. Elmachtoub,Columbia,7,2.5833,71.7500,7,2021,2026
16,Andrew M. Davis,Cornell,7,2.5417,84.6250,7,2018,2025
17,Peng Shi,USC (Marshall),3,2.5000,45.0000,3,2020,2025
18,Özalp Özer,UT Dallas,6,2.3333,105.3333,6,2016,2022
19,Nathan Kallus,Cornell,5,2.3333,71.5000,5,2020,2023
20,Ilan Lobel,NYU (Stern),5,2.2500,146.4167,5,2016,2025
21,Will Ma,Columbia,5,2.2500,36.0833,5,2021,2025
22,Zeyu Zheng,UC Berkeley (Haas),6,2.2000,10.1667,6,2023,2025
23,Rajan Udwani,UC Berkeley (Haas),3,2.1667,15.8333,3,2022,2025
24,Elena Katok,UT Dallas,7,2.1583,40.1083,7,2018,2024
25,Bradley R. Staats,UNC (Kenan-Flagler),6,2.0833,150.5000,6,2017,2022
26,Di (Andrew) Wu,Michigan (Ross),4,2.0833,126.5000,4,2021,2024
27,Vivek F. Farias,MIT,6,2.0417,100.0000,6,2017,2025
28,Paat Rusmevichientong,USC (Marshall),6,2.0333,133.9667,6,2017,2025
29,N. Bora Keskin,Duke (Fuqua),5,2.0000,106.6667,5,2020,2025
30,Ozan Candogan,Chicago (Booth),5,2.0000,42.5000,5,2018,2025
31,Tinglong Dai,Johns Hopkins (Carey),5,2.0000,33.5000,5,2020,2024
32,Panos Kouvelis,WashU (Olin),5,1.9167,283.8333,5,2016,2024
33,Dimitris Bertsimas,MIT,5,1.9167,174.4167,5,2016,2024
34,Hyoduk Shin,UC San Diego (Rady),5,1.9167,166.5000,5,2016,2021
35,Daniela Saban,Stanford,5,1.9167,70.7500,5,2021,2025
36,Kyle Hyndman,UT Dallas,5,1.8750,66.6250,5,2018,2025
37,Jiri Chod,Boston College (Carroll),4,1.8667,402.2000,4,2017,2021
38,Hessam Bavafa,Wisconsin-Madison,5,1.8667,100.9000,5,2018,2025
39,Izak Duenyas,Michigan (Ross),6,1.8667,68.0000,6,2016,2025
40,Christopher S. Tang,UCLA (Anderson),5,1.8333,288.9167,5,2017,2025
41,Maxime C. Cohen,McGill (Desautels),6,1.8333,113.6667,6,2020,2023
42,Harish Krishnan,UBC (Sauder),4,1.8333,110.0000,4,2017,2025
43,Gérard P. Cachon,Wharton (UPenn),3,1.8333,90.1667,3,2019,2022
44,Omar Besbes,Columbia,5,1.8333,90.0000,5,2018,2023
45,Ryan W. Buell,Harvard,3,1.8333,55.5000,3,2017,2021
46,James Siderius,MIT,4,1.8333,32.5000,4,2022,2023
46,Mohamed Mostagir,Michigan (Ross),4,1.8333,32.5000,4,2022,2023
48,Hao Zhang,UBC (Sauder),3,1.8333,25.1667,3,2018,2023
49,Stephen Leider,Michigan (Ross),6,1.8250,82.8750,6,2016,2025
50,Vishal Gaur,Cornell,5,1.7500,111.8333,5,2016,2025
51,Jing Dong,Columbia,5,1.7500,54.4167,5,2018,2026
52,J. George Shanthikumar,Purdue (Daniels),6,1.7333,44.0667,6,2019,2025
53,Gerry Tsoukalas,Wharton (UPenn),5,1.7000,282.0333,5,2017,2021
54,Agostino Capponi,Columbia,5,1.7000,27.5667,5,2021,2025
55,Fei Gao,Indiana (Kelley),4,1.6667,207.6667,4,2018,2024
56,Srikanth Jagabathula,NYU (Stern),4,1.6667,130.0000,4,2017,2023
57,Jing-Sheng Song,Duke (Fuqua),4,1.6667,96.8333,4,2020,2025
58,Santiago R. Balseiro,Columbia,4,1.6667,96.3333,4,2018,2023
59,Jordan Tong,Wisconsin-Madison,4,1.6667,93.8333,4,2017,2022
60,Xiuli Chao,Michigan (Ross),5,1.6667,89.6667,5,2018,2023
61,Boxiao Chen,UIUC (Gies),5,1.6667,67.0833,5,2020,2024
62,Vahideh Manshadi,Yale,5,1.6667,14.5833,5,2022,2025
63,Ali Fattahi,Johns Hopkins (Carey),3,1.6667,7.0000,3,2022,2025
64,Yash Kanoria,Columbia,4,1.5833,52.8333,4,2020,2025
65,Milind Dawande,UT Dallas,6,1.5833,29.5833,6,2016,2025
66,Henry Lam,Columbia,3,1.5833,7.5000,3,2021,2025
67,Timothy C. Y. Chan,Toronto (Rotman),5,1.5595,44.5833,5,2016,2025
68,Carri W. Chan,Columbia,5,1.5333,78.9333,5,2017,2025
69,Greys Sošić,USC (Marshall),3,1.5333,67.1333,3,2019,2023
70,Qi Feng,Purdue (Daniels),5,1.5333,43.2667,5,2019,2025
71,Negin Golrezaei,MIT,4,1.5333,7.5000,4,2022,2025
72,Santiago Gallino,Dartmouth (Tuck),4,1.5000,211.8333,4,2017,2019
73,L. Beril Toktay,Georgia Tech (Scheller),5,1.5000,97.7500,5,2016,2024
74,Laurens Debo,Dartmouth (Tuck),4,1.5000,65.5000,4,2017,2023
75,Manel Baucells,Virginia (Darden),3,1.5000,46.0000,3,2017,2020
76,Jónas Oddur Jónasson,MIT,4,1.5000,38.2500,4,2021,2024
77,Ambar La Forgia,UC Berkeley (Haas),2,1.5000,31.0000,2,2023,2025
78,Steven M. Shechter,UBC (Sauder),2,1.5000,3.0000,2,2025,2025
79,Ken Moon,Wharton (UPenn),6,1.4333,58.1833,6,2018,2024
80,Selvaprabu Nadarajah,UIUC (Gies),4,1.4167,8.8333,4,2020,2025
81,Soroush Saghafian,Harvard,3,1.4000,29.8000,3,2018,2023
82,Rad Niazadeh,Chicago (Booth),4,1.3667,6.1667,4,2023,2025
83,Ruomeng Cui,Emory (Goizueta),4,1.3333,222.6667,4,2019,2020
84,Vishal V. Agrawal,UW (Foster),3,1.3333,165.0000,3,2017,2022
85,Xuanming Su,Wharton (UPenn),3,1.3333,131.8333,3,2017,2025
86,Robert J. Batt,Wisconsin-Madison,3,1.3333,125.6667,3,2017,2025
87,Tom Fangyun Tan,SMU (Cox),3,1.3333,118.6667,3,2019,2024
88,Suvrat Dhanorkar,Penn State (Smeal),2,1.3333,109.6667,2,2019,2022
89,Nur Sunar,UNC (Kenan-Flagler),3,1.3333,93.1667,3,2019,2021
90,Shiliang Cui,UW (Foster),4,1.3333,83.0000,4,2020,2022
91,Leela Nageswaran,UW (Foster),4,1.3333,79.6667,4,2020,2025
92,Enno Siemsen,Wisconsin-Madison,3,1.3333,76.1667,3,2017,2023
93,Hamid Nazerzadeh,USC (Marshall),3,1.3333,59.5000,3,2016,2022
94,David B. Brown,Duke (Fuqua),3,1.3333,56.5000,3,2020,2024
95,Daniel Feiler,Dartmouth (Tuck),3,1.3333,54.8333,3,2017,2023
96,William Schmidt,Cornell,3,1.3333,54.1667,3,2017,2022
97,Robert L. Bray,Northwestern (Kellogg),2,1.3333,45.3333,2,2019,2019
98,So Yeon Chun,UW (Foster),3,1.3333,37.6667,3,2017,2020
99,Guihua Wang,UT Dallas,2,1.3333,25.6667,2,2022,2022
100,Susan Feng Lu,Purdue (Daniels),3,1.3333,25.0000,3,2017,2022
101,Bradley Sturt,UIUC (Gies),2,1.3333,19.6667,2,2023,2025
102,Samantha M. Keppler,Michigan (Ross),2,1.3333,18.0000,2,2022,2024
103,Ganesh Janakiraman,UT Dallas,5,1.3333,10.8333,5,2018,2025
104,Zuo-Jun Max Shen,UC Berkeley (Haas),5,1.3095,159.1071,5,2017,2026
105,Christian Terwiesch,Wharton (UPenn),4,1.2833,173.9833,4,2017,2024
106,John R. Birge,Chicago (Booth),3,1.2500,316.7500,3,2018,2021
107,Alan Scheller-Wolf,Carnegie Mellon (Tepper),4,1.2500,173.0000,4,2016,2021
108,Dan A. Iancu,Stanford,4,1.2500,128.3333,4,2017,2018
109,Song-Hee Kim,USC (Marshall),4,1.2500,60.4167,4,2020,2021
110,Shouqiang Wang,UT Dallas,4,1.2500,19.9167,4,2017,2025
111,Christopher Thomas Ryan,UBC (Sauder),4,1.2500,16.0000,4,2021,2025
112,Dennis J. Zhang,WashU (Olin),5,1.2262,202.3571,5,2019,2023
113,Hamed Mamani,UW (Foster),4,1.2000,158.2000,4,2017,2022
114,Kevin Shang,Duke (Fuqua),4,1.2000,31.4667,4,2016,2024
115,Joel Goh,Harvard,3,1.1667,170.6667,3,2016,2022
116,Mor Armony,NYU (Stern),3,1.1667,102.0000,3,2017,2021
117,Pnina Feldman,Boston U (Questrom),3,1.1667,91.3333,3,2019,2023
118,Jan A. Van Mieghem,Northwestern (Kellogg),4,1.1667,79.0000,4,2016,2022
119,He Wang,Georgia Tech (Scheller),3,1.1667,74.3333,3,2019,2025
120,Yonatan Gur,Stanford,3,1.1667,69.5000,3,2019,2022
121,Yong-Pin Zhou,UW (Foster),3,1.1667,67.5000,3,2018,2022
122,Assaf Zeevi,Columbia,3,1.1667,60.0000,3,2018,2024
123,Jiawei Zhang,NYU (Stern),4,1.1667,57.4167,4,2016,2025
124,Yanchong Zheng,MIT,3,1.1667,56.1667,3,2016,2020
125,Itai Ashlagi,Stanford,3,1.1667,36.5000,3,2021,2024
126,Peng Sun,Duke (Fuqua),3,1.1667,27.6667,3,2018,2024
127,Hau Lee,Stanford,3,1.1667,24.8333,3,2017,2025
128,Li Chen,Cornell,3,1.1667,22.5000,3,2021,2025
129,Jinglong Zhao,Boston U (Questrom),3,1.1667,15.8333,3,2023,2025
130,Blair Flicker,Columbia,2,1.1250,4.8750,2,2023,2026
131,Hummy Song,Wharton (UPenn),4,1.1167,86.1167,4,2018,2024
132,Nan Liu,Boston College (Carroll),4,1.1167,64.4667,4,2019,2023
133,Ruihao Zhu,Cornell,4,1.1167,13.3833,4,2023,2025
134,Arash Asadpour,NYU (Stern),3,1.0833,55.9167,3,2016,2020
135,Masha Shunko,UW (Foster),3,1.0833,43.8333,3,2018,2022
136,Saša Pekeč,Duke (Fuqua),3,1.0833,24.8333,3,2018,2022
137,Asa B. Palley,Indiana (Kelley),3,1.0833,21.9167,3,2023,2025
138,Michael L. Hamilton,Wharton (UPenn),3,1.0833,12.2500,3,2021,2021
139,Scott Rodilitz,UCLA (Anderson),3,1.0833,0.9167,3,2022,2025
140,Huseyin Topaloglu,Cornell,4,1.0333,55.9667,4,2020,2025
141,Jay Sethuraman,Columbia,4,1.0333,18.1500,4,2020,2025
142,Robert Swinney,Duke (Fuqua),3,1.0000,210.3333,3,2016,2023
143,Ryan Webb,Toronto (Rotman),1,1.0000,108.0000,1,2019,2019
144,Florenta Teodoridis,USC (Marshall),1,1.0000,97.0000,1,2018,2018
144,Roman Kapuscinski,Michigan (Ross),3,1.0000,97.0000,3,2016,2025
146,Eugen Dimant,Wharton (UPenn),1,1.0000,96.0000,1,2024,2024
147,Erica L. Plambeck,Stanford,2,1.0000,84.5000,2,2019,2020
148,John J. Horton,NYU (Stern),1,1.0000,78.0000,1,2019,2019
149,Yao Cui,Cornell,3,1.0000,75.6667,3,2018,2024
150,Basak Kalkanci,Georgia Tech (Scheller),2,1.0000,74.0000,2,2020,2026
151,Christos Zacharias,Florida (Warrington),2,1.0000,72.5000,2,2017,2020
152,Yue Zhang,Penn State (Smeal),2,1.0000,51.5000,2,2020,2025
153,Qiuping Yu,Georgia Tech (Scheller),3,1.0000,40.6667,3,2021,2022
154,George Loewenstein,Carnegie Mellon (Tepper),3,1.0000,35.0000,3,2022,2025
155,Nick Arnosti,Columbia,2,1.0000,33.0000,2,2020,2022
156,Diwas Singh KC,Emory (Goizueta),1,1.0000,32.0000,1,2020,2020
157,Serhan Ziya,UNC (Kenan-Flagler),3,1.0000,31.0000,3,2018,2022
158,Varun Gupta,Chicago (Booth),3,1.0000,29.3333,3,2017,2025
159,Velibor V. Mišić,UCLA (Anderson),2,1.0000,27.0000,2,2022,2022
160,Itai Gurvich,Northwestern (Kellogg),3,1.0000,23.3333,3,2016,2025
161,Marta Serra-Garcia,UC San Diego (Rady),2,1.0000,23.0000,2,2023,2025
162,Juan Pablo Vielma,MIT,1,1.0000,22.0000,1,2018,2018
163,Andre A. Cire,Toronto (Rotman),2,1.0000,20.0000,2,2018,2025
164,Miguel A. Lejeune,UW (Foster),2,1.0000,18.0000,2,2018,2020
165,Anastassia Fedyk,UC Berkeley (Haas),1,1.0000,16.0000,1,2025,2025
166,Aaron L. Bodoh-Creed,UC Berkeley (Haas),1,1.0000,14.0000,1,2020,2020
167,Zhengyuan Zhou,NYU (Stern),3,1.0000,12.7500,3,2023,2024
168,Nick Arnosti,Minnesota (Carlson),1,1.0000,9.0000,1,2023,2023
169,Stephen C. Graves,MIT,1,1.0000,8.0000,1,2021,2021
170,Eric D. Shah,Michigan (Ross),1,1.0000,7.0000,1,2023,2023
170,Yucheng Liang,Carnegie Mellon (Tepper),1,1.0000,7.0000,1,2025,2025
172,Evan Munro,Stanford,1,1.0000,5.0000,1,2024,2024
173,Stefan Wager,Stanford,2,1.0000,4.5000,2,2021,2024
174,Henry Lam,Michigan (Ross),1,1.0000,4.0000,1,2018,2018
174,Prasanna B. Tambe,Wharton (UPenn),1,1.0000,4.0000,1,2026,2026
176,Daniel Russo,Columbia,1,1.0000,3.0000,1,2023,2023
176,Thomas L. Magnanti,MIT,1,1.0000,3.0000,1,2021,2021
178,Jay Simon,UW (Foster),1,1.0000,2.0000,1,2024,2024
179,Hongda Zhong,UT Dallas,1,1.0000,1.0000,1,2025,2025
180,Feng Zhu,MIT,3,1.0000,0.6667,3,2024,2025
181,Berkeley J. Dietvorst,Chicago (Booth),1,1.0000,0.0000,1,2025,2025
182,Anyan Qi,UT Dallas,3,0.9500,11.7500,3,2022,2025
183,Yining Wang,Florida (Warrington),3,0.9167,52.7500,3,2021,2022
184,Mohsen Bayati,Stanford,3,0.9167,28.5000,3,2019,2024
185,Wenchang Zhang,Indiana (Kelley),3,0.9167,26.0833,3,2020,2026
186,Ali Makhdoumi,Duke (Fuqua),3,0.9167,23.6667,3,2021,2025
187,Saravanan Kesavan,UNC (Kenan-Flagler),3,0.9167,13.5833,3,2022,2026
188,Ningyuan Chen,Toronto (Rotman),3,0.9167,12.0833,3,2021,2025
189,Li Wang,MIT,3,0.8667,18.8667,3,2021,2023
190,Zhaohui (Zoey) Jiang,Carnegie Mellon (Tepper),3,0.8667,16.0000,3,2022,2025
191,Hau L. Lee,Stanford,2,0.8333,295.3333,2,2016,2018
192,Zhuoxin Li,Boston College (Carroll),2,0.8333,102.8333,2,2017,2022
193,Atalay Atasu,Georgia Tech (Scheller),3,0.8333,75.7500,3,2016,2019
194,Tony Haitao Cui,Minnesota (Carlson),2,0.8333,75.5000,2,2016,2018
195,Ian Larkin,UCLA (Anderson),2,0.8333,69.1667,2,2018,2022
196,Guillaume Roels,UCLA (Anderson),2,0.8333,57.3333,2,2016,2017
197,William S. Lovejoy,Michigan (Ross),2,0.8333,47.6667,2,2016,2018
198,Ali Jadbabaie,MIT,2,0.8333,39.6667,2,2018,2023
198,Amir Ajorlou,MIT,2,0.8333,39.6667,2,2018,2023
200,Michael R. Wagner,UW (Foster),2,0.8333,37.6667,2,2017,2021
201,Yaroslav Rosokha,Purdue (Daniels),2,0.8333,36.3333,2,2018,2024
202,Itai Gurvich,Cornell,2,0.8333,30.6667,2,2018,2019
203,Subodha Kumar,Wharton (UPenn),3,0.8333,28.2500,3,2023,2023
204,Barış Ata,Chicago (Booth),2,0.8333,27.3333,2,2017,2025
205,Shi Chen,UW (Foster),2,0.8333,24.8333,2,2017,2024
206,Silvia Saccardo,Carnegie Mellon (Tepper),3,0.8333,24.7500,3,2022,2025
207,P. B. (Seethu) Seetharaman,WashU (Olin),2,0.8333,23.8333,2,2018,2022
208,Karthik Ramachandran,Georgia Tech (Scheller),2,0.8333,19.8333,2,2018,2021
209,Mingliu Chen,UT Dallas,2,0.8333,19.5000,2,2024,2026
210,Alexandre Jacquillat,MIT,3,0.8333,13.5833,3,2021,2023
211,Levi DeValve,Chicago (Booth),2,0.8333,11.3333,2,2020,2025
212,Alejandro Rivera,UT Dallas,2,0.8333,10.5000,2,2021,2022
213,Luyi Yang,UC Berkeley (Haas),2,0.8333,10.1667,2,2021,2025
214,Auyon Siddiq,UCLA (Anderson),2,0.8333,10.0000,2,2023,2025
214,Nur Kaynar,Cornell,2,0.8333,10.0000,2,2023,2025
216,Charles J. Corbett,UCLA (Anderson),2,0.8333,9.6667,2,2022,2024
217,Seyed Morteza Emadi,UNC (Kenan-Flagler),2,0.8333,8.0000,2,2020,2025
218,Laurens G. Debo,Dartmouth (Tuck),2,0.8333,7.0000,2,2019,2025
219,Suresh Muthulingam,Penn State (Smeal),2,0.8333,6.6667,2,2022,2026
220,Zhen Lian,Yale,2,0.8333,6.0000,2,2025,2026
221,Joshua Lewis,NYU (Stern),2,0.8333,3.3333,2,2023,2025
222,Paul Glasserman,Columbia,2,0.8333,2.5000,2,2019,2025
223,Soheil Ghili,Yale,2,0.8333,1.0000,2,2021,2026
224,Abhishek Deshmane,Georgia Tech (Scheller),2,0.8333,0.8333,2,2025,2025
225,Yixin (Iris) Wang,UIUC (Gies),3,0.7833,31.0000,3,2021,2025
226,Jason Chan,Minnesota (Carlson),2,0.7500,92.2500,2,2018,2022
227,Fernanda Bravo,UCLA (Anderson),2,0.7500,45.7500,2,2019,2025
228,Bin Hu,UT Dallas,2,0.7500,14.2500,2,2022,2022
229,Katherine L. Milkman,Wharton (UPenn),3,0.7262,48.5833,3,2017,2025
230,Kay Giesecke,Stanford,2,0.7000,22.8000,2,2019,2022
231,Garud Iyengar,Columbia,3,0.7000,22.4000,3,2020,2023
232,Vijay Kamble,UIUC (Gies),2,0.7000,1.4000,2,2023,2024
233,Nikolay Osadchiy,Emory (Goizueta),2,0.6667,87.6667,2,2016,2021
234,Karan Girotra,Cornell,2,0.6667,83.3333,2,2020,2020
235,Shima Nassiri,UW (Foster),2,0.6667,75.3333,2,2017,2017
236,Ashish Kabra,Maryland (Smith),2,0.6667,70.0000,2,2020,2026
237,Shayan Ehsani,Stanford,2,0.6667,68.3333,2,2019,2019
238,Karen Donohue,Minnesota (Carlson),2,0.6667,63.3333,2,2016,2019
239,Fernando Bernstein,Duke (Fuqua),2,0.6667,52.3333,2,2016,2018
240,Francisco Castro,UCLA (Anderson),2,0.6667,51.0000,2,2021,2025
241,Joline Uichanco,Michigan (Ross),2,0.6667,47.0000,2,2018,2021
242,Leon Yang Chu,USC (Marshall),2,0.6667,44.3333,2,2017,2020
243,Morris A. Cohen,Wharton (UPenn),2,0.6667,39.3333,2,2016,2024
243,Ruihao Zhu,Indiana (Kelley),2,0.6667,39.3333,2,2022,2022
245,Ozge Sahin,Johns Hopkins (Carey),2,0.6667,36.6667,2,2018,2019
246,Christopher J. Chen,Indiana (Kelley),2,0.6667,34.3333,2,2021,2023
247,Tian Heong Chan,Emory (Goizueta),2,0.6667,33.6667,2,2018,2019
248,Necati Tereyağoğlu,Georgia Tech (Scheller),2,0.6667,33.3333,2,2018,2018
249,Sezer Ülkü,UW (Foster),2,0.6667,32.3333,2,2020,2022
250,Hyun-Soo Ahn,Michigan (Ross),2,0.6667,31.3333,2,2018,2022
251,Gonzalo Romero,Toronto (Rotman),2,0.6667,29.0000,2,2017,2021
252,Xi Chen,NYU (Stern),2,0.6667,24.3333,2,2022,2025
253,Simone Marinesi,Wharton (UPenn),2,0.6667,23.0000,2,2018,2023
254,Damian R. Beil,Michigan (Ross),2,0.6667,21.6667,2,2019,2022
255,Robert A. Shumsky,Dartmouth (Tuck),2,0.6667,20.0000,2,2017,2023
256,Phebe Vayanos,USC (Marshall),2,0.6667,17.6667,2,2019,2026
257,Chloe Kim Glaeser,UNC (Kenan-Flagler),2,0.6667,16.0000,2,2023,2025
258,Opher Baron,Toronto (Rotman),2,0.6667,12.3333,2,2023,2025
259,Thomas Magnanti,MIT,2,0.6667,12.0000,2,2019,2024
260,Chaithanya Bandi,Northwestern (Kellogg),2,0.6667,11.6667,2,2019,2019
260,Douglas J. Thomas,Virginia (Darden),2,0.6667,11.6667,2,2022,2022
262,Xuying Zhao,Texas A&M (Mays),2,0.6667,11.3333,2,2025,2025
263,Yehua Wei,Duke (Fuqua),2,0.6667,9.6667,2,2020,2025
264,Noah Gans,Wharton (UPenn),2,0.6667,9.3333,2,2022,2025
264,Özge Yapar,Indiana (Kelley),2,0.6667,9.3333,2,2022,2025
266,Yining Wang,UT Dallas,2,0.6667,8.6667,2,2024,2025
267,William B. Haskell,Purdue (Daniels),2,0.6667,7.3333,2,2024,2025
268,Reza Ahmadi,UCLA (Anderson),2,0.6667,7.0000,2,2022,2023
268,Sriram Dasu,USC (Marshall),2,0.6667,7.0000,2,2022,2023
270,Jong Myeong Lim,Florida (Warrington),2,0.6667,4.6667,2,2024,2024
271,Sergei Savin,Wharton (UPenn),2,0.6667,1.3333,2,2023,2024
272,Dayton Steele,Minnesota (Carlson),2,0.6667,0.3333,2,2025,2026
273,Elisabeth Paulson,Harvard,2,0.6667,0.0000,2,2025,2025
274,Jackie Baek,NYU (Stern),2,0.6250,2.0000,2,2024,2025
275,Xiao Lei,Columbia,2,0.5833,54.7500,2,2021,2022
276,Costis Maglaras,Columbia,2,0.5833,50.8333,2,2017,2018
277,George P. Ball,Indiana (Kelley),2,0.5833,42.5833,2,2017,2026
278,Diwas S. KC,Emory (Goizueta),2,0.5833,41.7500,2,2018,2020
278,Francesca Gino,Harvard,2,0.5833,41.7500,2,2018,2020
280,Xin Chen,UIUC (Gies),2,0.5833,37.1667,2,2017,2019
281,Stefanus Jasin,Michigan (Ross),2,0.5833,36.7500,2,2016,2022
282,Abhishek Roy,Wharton (UPenn),2,0.5833,31.7500,2,2019,2023
283,Ravi Anupindi,Michigan (Ross),2,0.5833,31.0000,2,2021,2023
284,Vish Krishnan,UC San Diego (Rady),2,0.5833,28.1667,2,2020,2021
285,Sridhar Tayur,Carnegie Mellon (Tepper),2,0.5833,27.3333,2,2017,2025
286,Azarakhsh Malekian,Toronto (Rotman),2,0.5833,23.3333,2,2021,2022
287,Alok Gupta,Minnesota (Carlson),2,0.5833,18.7500,2,2022,2024
288,Vinayak Deshpande,UNC (Kenan-Flagler),2,0.5833,18.3333,2,2017,2021
289,Huanan Zhang,Colorado (Leeds),2,0.5833,17.4167,2,2022,2022
290,Wedad J. Elmaghraby,Maryland (Smith),2,0.5833,13.7500,2,2020,2026
291,Panos Markou,Virginia (Darden),2,0.5833,12.8333,2,2023,2024
292,Irene Lo,Stanford,2,0.5833,11.1667,2,2020,2023
293,Jacob Feldman,UW (Foster),2,0.5833,10.7500,2,2023,2025
294,Negar Soheili,UIUC (Gies),2,0.5833,8.3333,2,2020,2025
294,Qihang Lin,Iowa (Tippie),2,0.5833,8.3333,2,2020,2025
296,Saurabh Bansal,Penn State (Smeal),2,0.5833,4.3333,2,2022,2024
297,Ali Aouad,MIT,2,0.5833,3.0833,2,2025,2025
298,Vineet Goyal,Columbia,3,0.5417,35.0833,3,2020,2026
299,Mika Sumida,Cornell,2,0.5333,53.1333,2,2020,2021
300,Daniel Granot,UBC (Sauder),2,0.5333,37.1333,2,2021,2021
300,Frieda Granot,UBC (Sauder),2,0.5333,37.1333,2,2021,2021
302,Pengyi Shi,Purdue (Daniels),2,0.5333,36.2000,2,2016,2025
303,Mehmet Gümüş,McGill (Desautels),2,0.5333,12.2667,2,2016,2022
304,Christopher Tang,UCLA (Anderson),2,0.5333,4.4667,2,2025,2025
305,Lan Wang,Florida (Warrington),2,0.5333,1.5333,2,2025,2026
306,Chonghuan Wang,UT Dallas,2,0.5333,0.0000,2,2025,2025
306,John Silberholz,Maryland (Smith),2,0.5333,0.0000,2,2025,2025
308,Siva Viswanathan,Maryland (Smith),1,0.5000,304.5000,1,2016,2016
309,John Gunnar Carlsson,USC (Marshall),1,0.5000,195.0000,1,2018,2018
309,Siyuan Song,USC (Marshall),1,0.5000,195.0000,1,2018,2018
311,Tunay I. Tunca,Maryland (Smith),1,0.5000,136.0000,1,2018,2018
312,Ioannis Bellos,Virginia (Darden),1,0.5000,108.5000,1,2017,2017
313,Jillian A. Berry Jaeker,Boston U (Questrom),1,0.5000,106.0000,1,2017,2017
314,Marios Kokkodis,NYU (Stern),1,0.5000,79.5000,1,2016,2016
314,Panagiotis G. Ipeirotis,NYU (Stern),1,0.5000,79.5000,1,2016,2016
316,Lingxiu Dong,WashU (Olin),2,0.5000,75.5000,2,2019,2023
317,Gilvan C. Souza,Indiana (Kelley),1,0.5000,73.0000,1,2022,2022
318,Chris Parker,UW (Foster),1,0.5000,63.0000,1,2021,2021
318,Jorge Mejia,Indiana (Kelley),1,0.5000,63.0000,1,2021,2021
320,Jessica A. Wachter,Wharton (UPenn),1,0.5000,55.0000,1,2019,2019
321,Brett Hemenway Falk,Wharton (UPenn),1,0.5000,52.5000,1,2020,2020
322,David A. Goldberg,Georgia Tech (Scheller),1,0.5000,49.5000,1,2018,2018
322,Linwei Xin,UIUC (Gies),1,0.5000,49.5000,1,2018,2018
324,Philipp Afèche,Toronto (Rotman),1,0.5000,49.0000,1,2016,2016
325,Daria Dzyabura,NYU (Stern),1,0.5000,48.5000,1,2018,2018
326,Fei Gao,Wharton (UPenn),1,0.5000,47.5000,1,2017,2017
327,Huanan Zhang,Penn State (Smeal),2,0.5000,45.3333,2,2018,2020
328,Pornpawee Bumpensanti,Georgia Tech (Scheller),1,0.5000,44.0000,1,2020,2020
329,Maria R. Ibanez,Northwestern (Kellogg),1,0.5000,39.0000,1,2020,2020
329,Michael W. Toffel,Harvard,1,0.5000,39.0000,1,2020,2020
331,James E. Smith,Dartmouth (Tuck),1,0.5000,35.0000,1,2020,2020
332,Itai Ashlagi,MIT,1,0.5000,33.0000,1,2016,2016
332,James R. Luedtke,Wisconsin-Madison,1,0.5000,33.0000,1,2017,2017
332,Merve Bodur,Toronto (Rotman),1,0.5000,33.0000,1,2017,2017
332,Peng Shi,MIT,1,0.5000,33.0000,1,2016,2016
336,Ali K. Parlaktürk,UNC (Kenan-Flagler),1,0.5000,32.0000,1,2019,2019
336,Andrew A. Li,MIT,1,0.5000,32.0000,1,2019,2019
336,Mustafa O. Kabul,UNC (Kenan-Flagler),1,0.5000,32.0000,1,2019,2019
339,Özlem Ergun,Northeastern,2,0.5000,31.7500,2,2016,2018
340,Tallys Yunes,Florida (Warrington),1,0.5000,28.5000,1,2020,2020
341,Bryan K. Bollinger,NYU (Stern),1,0.5000,27.5000,1,2020,2020
341,Wesley R. Hartmann,Stanford,1,0.5000,27.5000,1,2020,2020
343,Daniel Andrei,McGill (Desautels),1,0.5000,27.0000,1,2020,2020
343,Michael Hasler,UT Dallas,1,0.5000,27.0000,1,2020,2020
343,Ramandeep Singh Randhawa,USC (Marshall),1,0.5000,27.0000,1,2016,2016
343,Ruomeng Cui,Indiana (Kelley),1,0.5000,27.0000,1,2018,2018
347,Jayashankar M. Swaminathan,UNC (Kenan-Flagler),1,0.5000,26.0000,1,2021,2021
348,Michael Jong Kim,Toronto (Rotman),1,0.5000,25.5000,1,2016,2016
349,Alvin E. Roth,Stanford,1,0.5000,24.5000,1,2021,2021
349,Nora Szech,UNC (Kenan-Flagler),1,0.5000,24.5000,1,2018,2018
351,Vijay Mookerjee,UT Dallas,2,0.5000,23.2500,2,2016,2018
352,Yi-Chun Chen,UCLA (Anderson),1,0.5000,23.0000,1,2022,2022
353,Justin Sirignano,UIUC (Gies),1,0.5000,22.0000,1,2019,2019
353,Vibhuti Dhingra,UBC (Sauder),1,0.5000,22.0000,1,2021,2021
355,Anton Ovchinnikov,MIT,1,0.5000,21.0000,1,2019,2019
355,Michael Ketzenberg,Texas A&M (Mays),1,0.5000,21.0000,1,2022,2022
355,Silvia Bellezza,Columbia,1,0.5000,21.0000,1,2017,2017
355,Xin Wang,Carnegie Mellon (Tepper),1,0.5000,21.0000,1,2017,2017
359,Feng Tian,Michigan (Ross),1,0.5000,20.0000,1,2018,2018
360,Cong Shi,Michigan (Ross),2,0.5000,19.3333,2,2018,2021
361,Edieal Pinker,Yale,1,0.5000,18.5000,1,2019,2019
361,Mariya Bondareva,Chicago (Booth),1,0.5000,18.5000,1,2019,2019
363,Garrett van Ryzin,Cornell,1,0.5000,17.0000,1,2021,2021
363,Zhen Lian,Cornell,1,0.5000,17.0000,1,2021,2021
365,Gad Allon,Wharton (UPenn),2,0.5000,16.8333,2,2021,2022
366,Jonathan Glover,Columbia,1,0.5000,16.5000,1,2021,2021
366,Koray Cosguner,Indiana (Kelley),1,0.5000,16.5000,1,2022,2022
366,Paul Grigas,UC Berkeley (Haas),1,0.5000,16.5000,1,2022,2022
369,Angela Zhou,Cornell,1,0.5000,16.0000,1,2021,2021
370,Lauren Xiaoyuan Lu,UNC (Kenan-Flagler),1,0.5000,15.5000,1,2017,2017
370,Şafak Yücel,UW (Foster),1,0.5000,15.5000,1,2022,2022
372,Andrew F. Siegel,UW (Foster),1,0.5000,14.0000,1,2021,2021
372,Kris Johnson Ferreira,Harvard,1,0.5000,14.0000,1,2021,2021
374,Andres F. Jola-Sanchez,Texas A&M (Mays),1,0.5000,13.5000,1,2021,2021
375,Candace Cravey,Virginia (Darden),1,0.5000,13.0000,1,2022,2022
375,Dmitri Kuksov,UT Dallas,1,0.5000,13.0000,1,2017,2017
375,Fatma Kılınç-Karzan,Carnegie Mellon (Tepper),1,0.5000,13.0000,1,2022,2022
375,Tim Eisert,SMU (Cox),1,0.5000,13.0000,1,2019,2019
379,Ali Hajjar,Harvard,1,0.5000,12.5000,1,2023,2023
379,Gary E. Bolton,UT Dallas,1,0.5000,12.5000,1,2018,2018
379,Gregor Matvos,Chicago (Booth),1,0.5000,12.5000,1,2016,2016
379,Oguzhan Alagoz,Wisconsin-Madison,1,0.5000,12.5000,1,2023,2023
379,Zhiguo He,Chicago (Booth),1,0.5000,12.5000,1,2016,2016
384,Anh Le,Penn State (Smeal),1,0.5000,12.0000,1,2021,2021
384,Ilya O. Ryzhov,Maryland (Smith),1,0.5000,12.0000,1,2023,2023
384,Scott Joslin,USC (Marshall),1,0.5000,12.0000,1,2021,2021
384,Ye Chen,Virginia (Darden),1,0.5000,12.0000,1,2023,2023
388,Amine Allouah,Columbia,1,0.5000,11.0000,1,2020,2020
388,Francois Margot,Carnegie Mellon (Tepper),1,0.5000,11.0000,1,2018,2018
390,Morvarid Rahmani,Georgia Tech (Scheller),1,0.5000,10.5000,1,2021,2021
390,Terry A. Taylor,UC Berkeley (Haas),1,0.5000,10.5000,1,2019,2019
392,K. Drakopoulos,USC (Marshall),1,0.5000,10.0000,1,2021,2021
392,Nikhil Garg,Cornell,1,0.5000,10.0000,1,2022,2022
392,R. S. Randhawa,USC (Marshall),1,0.5000,10.0000,1,2021,2021
395,Christos Tzamos,Wisconsin-Madison,1,0.5000,9.5000,1,2019,2019
395,Seokwoo Lee,Michigan (Ross),1,0.5000,9.5000,1,2021,2021
397,Mariana Khapko,Toronto (Rotman),1,0.5000,9.0000,1,2020,2020
397,Marius Zoican,Toronto (Rotman),1,0.5000,9.0000,1,2020,2020
399,Oliver Levine,Wisconsin-Madison,1,0.5000,8.5000,1,2021,2021
399,Weihua Zhang,UBC (Sauder),1,0.5000,8.5000,1,2023,2023
401,Lauren Xiaoyuan Lu,Dartmouth (Tuck),1,0.5000,7.5000,1,2022,2022
401,Raghav Singal,Columbia,1,0.5000,7.5000,1,2021,2021
403,Luca Maini,Harvard,1,0.5000,7.0000,1,2024,2024
404,Xiao-Yue Gong,Carnegie Mellon (Tepper),1,0.5000,6.5000,1,2023,2023
405,Andreea Minca,Cornell,1,0.5000,6.0000,1,2020,2020
405,Ariah Klages-Mundt,Cornell,1,0.5000,6.0000,1,2020,2020
405,Zhimei Ren,Wharton (UPenn),1,0.5000,6.0000,1,2024,2024
408,Anita L. Carson,Boston U (Questrom),2,0.5000,5.5000,2,2023,2024
408,Raymond Kan,Toronto (Rotman),1,0.5000,5.5000,1,2016,2016
410,Benjamin Bushong,Michigan State (Broad),1,0.5000,5.0000,1,2024,2024
410,Jad Salem,Maryland (Smith),1,0.5000,5.0000,1,2024,2024
410,Swati Gupta,MIT,1,0.5000,5.0000,1,2024,2024
410,Tristan Gagnon-Bartsch,Florida (Warrington),1,0.5000,5.0000,1,2024,2024
414,Daniel Freund,MIT,1,0.5000,4.5000,1,2025,2025
414,Dawson Kaaua,UW (Foster),1,0.5000,4.5000,1,2022,2022
414,Siddhartha Banerjee,Cornell,1,0.5000,4.5000,1,2025,2025
414,Youngsoo Kim,USC (Marshall),1,0.5000,4.5000,1,2024,2024
414,Yuqian Xu,UNC (Kenan-Flagler),1,0.5000,4.5000,1,2024,2024
419,Andrei Hagiu,Boston U (Questrom),1,0.5000,4.0000,1,2024,2024
419,Brent B. Moritz,Penn State (Smeal),1,0.5000,4.0000,1,2020,2020
419,Pengyu Qian,Purdue (Daniels),1,0.5000,4.0000,1,2024,2024
419,Yunzong Xu,UIUC (Gies),1,0.5000,4.0000,1,2023,2023
423,David Klinowski,Wharton (UPenn),1,0.5000,3.5000,1,2025,2025
423,Katherine Coffman,Harvard,1,0.5000,3.5000,1,2025,2025
423,Stefan Reichelstein,Stanford,1,0.5000,3.5000,1,2021,2021
423,Sunil Dutta,UC Berkeley (Haas),1,0.5000,3.5000,1,2021,2021
427,Amir Ardestani-Jaafari,UBC (Sauder),1,0.5000,3.0000,1,2022,2022
427,Beste Kucukyazici,Michigan State (Broad),1,0.5000,3.0000,1,2022,2022
427,Chen Wei,WashU (Olin),1,0.5000,3.0000,1,2024,2024
427,Xu Kuang,Stanford,1,0.5000,3.0000,1,2024,2024
427,Yu An,Johns Hopkins (Carey),1,0.5000,3.0000,1,2023,2023
432,Yicheng Bai,Cornell,2,0.5000,2.8333,2,2023,2025
433,Cagin Uru,Duke (Fuqua),1,0.5000,2.5000,1,2024,2024
433,Yuchong Zhang,Toronto (Rotman),1,0.5000,2.5000,1,2024,2024
435,Dor Morag,Wharton (UPenn),1,0.5000,2.0000,1,2025,2025
435,Hanna Halaburda,NYU (Stern),1,0.5000,2.0000,1,2024,2024
435,Jabari Myles,UNC (Kenan-Flagler),1,0.5000,2.0000,1,2025,2025
435,Jacob Zureich,Wharton (UPenn),1,0.5000,2.0000,1,2025,2025
435,Joshua S. Gans,Toronto (Rotman),1,0.5000,2.0000,1,2024,2024
435,Kan Xu,Arizona State (Carey),1,0.5000,2.0000,1,2025,2025
435,Manasvini Singh,Carnegie Mellon (Tepper),1,0.5000,2.0000,1,2025,2025
435,Thomas Lloyd,Michigan (Ross),1,0.5000,2.0000,1,2024,2024
443,Bart Van Parys,MIT,1,0.5000,1.5000,1,2024,2024
443,Jorge Lemus,UIUC (Gies),1,0.5000,1.5000,1,2023,2023
443,Kuang Xu,Stanford,1,0.5000,1.5000,1,2021,2021
443,Samim Ghamami,UC Berkeley (Haas),1,0.5000,1.5000,1,2019,2019
443,Yiding Feng,Chicago (Booth),1,0.5000,1.5000,1,2025,2025
443,Zijie Zhou,MIT,1,0.5000,1.5000,1,2025,2025
449,Linwei Xin,Chicago (Booth),2,0.5000,1.3333,2,2024,2025
450,Aydın Alptekinoğlu,Penn State (Smeal),1,0.5000,1.0000,1,2026,2026
450,Chonghuan Wang,MIT,1,0.5000,1.0000,1,2025,2025
450,Eojin Han,Notre Dame (Mendoza),1,0.5000,1.0000,1,2025,2025
450,Joowon Klusowski,Yale,1,0.5000,1.0000,1,2025,2025
450,Peter Klibanoff,Northwestern (Kellogg),1,0.5000,1.0000,1,2021,2021
450,Sunkee Lee,Carnegie Mellon (Tepper),1,0.5000,1.0000,1,2026,2026
450,Tim Randolph,Columbia,1,0.5000,1.0000,1,2022,2022
457,Angela Kohlenberg,Northwestern (Kellogg),1,0.5000,0.5000,1,2025,2025
457,Bauke Visser,SMU (Cox),1,0.5000,0.5000,1,2025,2025
457,Evan Polman,Wisconsin-Madison,1,0.5000,0.5000,1,2025,2025
457,Mauricio Palmeira,Florida (Warrington),1,0.5000,0.5000,1,2025,2025
457,René A. Caldentey,Chicago (Booth),1,0.5000,0.5000,1,2022,2022
457,Uri Gneezy,UC San Diego (Rady),1,0.5000,0.5000,1,2025,2025
463,Antoine Désir,MIT,1,0.5000,0.0000,1,2025,2025
463,Brian Tomlin,Dartmouth (Tuck),1,0.5000,0.0000,1,2026,2026
463,David Dunning,Michigan (Ross),1,0.5000,0.0000,1,2026,2026
463,Ebru Kaşıkaralar,Chicago (Booth),1,0.5000,0.0000,1,2025,2025
463,Eren Ozbay,UIUC (Gies),1,0.5000,0.0000,1,2024,2024
463,Evan Yao,MIT,1,0.5000,0.0000,1,2025,2025
463,Hongyu Chen,MIT,1,0.5000,0.0000,1,2025,2025
463,Jamie Tucker-Foltz,Harvard,1,0.5000,0.0000,1,2025,2025
463,Karen Donohue,Arizona State (Carey),1,0.5000,0.0000,1,2026,2026
463,Kinshuk Jerath,Columbia,1,0.5000,0.0000,1,2024,2024
463,Kumar Rajaram,UCLA (Anderson),1,0.5000,0.0000,1,2026,2026
463,Richard Zeckhauser,Harvard,1,0.5000,0.0000,1,2025,2025
463,Russell J. Funk,Minnesota (Carlson),1,0.5000,0.0000,1,2025,2025
463,Setareh Farajollahzadeh,McGill (Desautels),1,0.5000,0.0000,1,2025,2025
463,Shanshan Luo,UBC (Sauder),1,0.5000,0.0000,1,2025,2025
463,Sofia Bapna,Minnesota (Carlson),1,0.5000,0.0000,1,2025,2025
463,Stav Atir,Wisconsin-Madison,1,0.5000,0.0000,1,2026,2026
463,Swanand Kulkarni,Georgia Tech (Scheller),1,0.5000,0.0000,1,2026,2026
463,Xu Sun,Florida (Warrington),1,0.5000,0.0000,1,2025,2025
463,Yeonjoo Lee,Penn State (Smeal),1,0.5000,0.0000,1,2026,2026
483,Christian Kroer,Columbia,2,0.4762,7.2857,2,2022,2023
484,Xiaoyang Long,Wisconsin-Madison,2,0.4583,18.2083,2,2020,2023
485,Masoud Kamalahmadi,Florida (Warrington),2,0.4583,15.9167,2,2021,2023
486,Anita L. Tucker,Boston U (Questrom),2,0.4500,75.4500,2,2018,2020
487,Maxime C. Cohen,NYU (Stern),2,0.4500,23.4000,2,2019,2019
488,Ravi Bapna,Minnesota (Carlson),2,0.4500,14.7500,2,2022,2023
489,Michelle Xiao Wu,MIT,2,0.4500,2.2500,2,2024,2025
490,Guido Imbens,Stanford,2,0.4500,1.7000,2,2022,2024
491,Zhaoran Wang,Northwestern (Kellogg),2,0.4500,0.4500,2,2026,2026
492,Heng Zhang,Arizona State (Carey),2,0.3929,8.8571,2,2023,2025
493,Susan Athey,Stanford,2,0.3929,1.5000,2,2024,2025
494,Deeksha Sinha,MIT,2,0.3750,11.0000,2,2020,2025
495,Randall Berry,Northwestern (Kellogg),2,0.3667,5.3667,2,2020,2022
496,Gabriel Y. Weintraub,Stanford,2,0.3611,3.0000,2,2022,2022
497,Maxime C. Cohen,MIT,1,0.3333,175.3333,1,2016,2016
497,Ruben Lobel,Wharton (UPenn),1,0.3333,175.3333,1,2016,2016
499,Jeffrey Pfeffer,Stanford,1,0.3333,130.3333,1,2016,2016
499,Stefanos A. Zenios,Stanford,1,0.3333,130.3333,1,2016,2016
501,Gustaf Bellstam,UW (Foster),1,0.3333,97.0000,1,2021,2021
501,J. Anthony Cookson,Colorado (Leeds),1,0.3333,97.0000,1,2021,2021
501,Sanjai Bhagat,Colorado (Leeds),1,0.3333,97.0000,1,2021,2021
504,Ruixue Guo,Stanford,1,0.3333,95.3333,1,2016,2016
505,Noureddine El Karoui,UC Berkeley (Haas),1,0.3333,88.6667,1,2018,2018
506,Foad Iravani,UW (Foster),1,0.3333,82.6667,1,2019,2019
506,Saed Alizamir,Yale,1,0.3333,82.6667,1,2019,2019
508,Lorin M. Hitt,Wharton (UPenn),1,0.3333,80.3333,1,2018,2018
509,Antonio Moreno,Northwestern (Kellogg),1,0.3333,76.0000,1,2017,2017
509,Ioannis Stamatopoulos,Northwestern (Kellogg),1,0.3333,76.0000,1,2017,2017
511,Sheng Liu,Toronto (Rotman),1,0.3333,75.3333,1,2021,2021
512,Laurens Debo,Chicago (Booth),1,0.3333,71.0000,1,2016,2016
513,Marshall Fisher,Wharton (UPenn),1,0.3333,62.6667,1,2018,2018
514,Lamar Pierce,WashU (Olin),1,0.3333,61.6667,1,2018,2018
515,Elena Belavina,Chicago (Booth),1,0.3333,61.3333,1,2017,2017
516,Jingxing (Rowena) Gan,SMU (Cox),1,0.3333,60.3333,1,2021,2021
517,Nicholas C. Petruzzi,Penn State (Smeal),1,0.3333,55.6667,1,2017,2017
518,Yinghao Zhang,Maryland (Smith),1,0.3333,54.0000,1,2016,2016
519,Ximin (Natalie) Huang,Minnesota (Carlson),1,0.3333,44.0000,1,2019,2019
520,Andrew E. Frazelle,UT Dallas,1,0.3333,43.6667,1,2023,2023
521,Joseph Milner,Toronto (Rotman),1,0.3333,42.3333,1,2016,2016
522,Anindya Ghose,NYU (Stern),1,0.3333,41.3333,1,2021,2021
522,Rachna Shah,Minnesota (Carlson),1,0.3333,41.3333,1,2017,2017
522,Yuqian Xu,UIUC (Gies),1,0.3333,41.3333,1,2021,2021
525,Ali Kakhbod,MIT,1,0.3333,38.6667,1,2018,2018
526,Jose A. Guajardo,UC Berkeley (Haas),1,0.3333,37.0000,1,2016,2016
527,Somya Singhvi,MIT,1,0.3333,36.0000,1,2020,2020
528,Cong Shi,Penn State (Smeal),1,0.3333,35.0000,1,2020,2020
529,Derya Demirtas,Toronto (Rotman),1,0.3333,32.0000,1,2016,2016
529,Roy H. Kwon,Toronto (Rotman),1,0.3333,32.0000,1,2016,2016
529,Sajad Modaresi,UNC (Kenan-Flagler),1,0.3333,32.0000,1,2018,2018
532,Ann Melissa Campbell,Iowa (Tippie),1,0.3333,30.6667,1,2022,2022
532,Barrett W. Thomas,Iowa (Tippie),1,0.3333,30.6667,1,2022,2022
532,Sara Reed,Iowa (Tippie),1,0.3333,30.6667,1,2022,2022
532,Upender Subramanian,UT Dallas,1,0.3333,30.6667,1,2018,2018
532,Vivek Farias,MIT,1,0.3333,30.6667,1,2021,2021
537,Mila Nambiar,MIT,1,0.3333,30.3333,1,2019,2019
537,Ruth Beer,Indiana (Kelley),1,0.3333,30.3333,1,2018,2018
539,Qi (George) Chen,Michigan (Ross),1,0.3333,30.0000,1,2016,2016
540,Yuexing Li,Duke (Fuqua),1,0.3333,29.6667,1,2022,2022
541,Haim Mendelson,Stanford,1,0.3333,28.6667,1,2018,2018
542,Anton Skaro,Northwestern (Kellogg),1,0.3333,27.3333,1,2017,2017
542,Uday S. Karmarkar,UCLA (Anderson),1,0.3333,27.3333,1,2016,2016
544,Alireza Tahbaz-Salehi,Northwestern (Kellogg),1,0.3333,27.0000,1,2019,2019
545,Fangruo Chen,Columbia,1,0.3333,26.3333,1,2016,2016
545,Wenqiang Xiao,NYU (Stern),1,0.3333,26.3333,1,2016,2016
547,Süleyman Demirel,Michigan (Ross),1,0.3333,26.0000,1,2018,2018
548,Michael K. Lim,UIUC (Gies),1,0.3333,24.6667,1,2017,2017
549,Nan Yang,Florida (Warrington),1,0.3333,24.0000,1,2021,2021
549,Peter S. Fader,Wharton (UPenn),1,0.3333,24.0000,1,2018,2018
549,Senthil Veeraraghavan,Wharton (UPenn),1,0.3333,24.0000,1,2018,2018
552,Nikolaos Trichakis,Harvard,1,0.3333,22.6667,1,2017,2017
552,Özlem Yıldız,Virginia (Darden),1,0.3333,22.6667,1,2019,2019
554,Hans B. Christensen,Chicago (Booth),1,0.3333,22.3333,1,2020,2020
554,Mark Maffett,Chicago (Booth),1,0.3333,22.3333,1,2020,2020
556,Douglas R. Bish,Virginia Tech (Pamplin),1,0.3333,21.6667,1,2019,2019
556,Ebru K. Bish,Virginia Tech (Pamplin),1,0.3333,21.6667,1,2019,2019
556,Hrayer Aprahamian,Texas A&M (Mays),1,0.3333,21.6667,1,2019,2019
556,Maqbool Dada,Johns Hopkins (Carey),1,0.3333,21.6667,1,2019,2019
556,Ruxian Wang,Johns Hopkins (Carey),1,0.3333,21.6667,1,2019,2019
561,Felipe Caro,UCLA (Anderson),1,0.3333,21.3333,1,2021,2021
562,Luyi Yang,Chicago (Booth),1,0.3333,20.0000,1,2017,2017
563,Neda Mirzaeian,Carnegie Mellon (Tepper),1,0.3333,19.6667,1,2021,2021
564,Chen Chen,Chicago (Booth),1,0.3333,19.0000,1,2021,2021
564,Nilay Tanık Argon,UNC (Kenan-Flagler),1,0.3333,19.0000,1,2018,2018
566,Ebrahim Barzegary,UW (Foster),1,0.3333,18.6667,1,2023,2023
566,Hema Yoganarasimhan,UW (Foster),1,0.3333,18.6667,1,2023,2023
566,Kevin W. Linderman,Minnesota (Carlson),1,0.3333,18.6667,1,2018,2018
566,Suvrat S. Dhanorkar,Penn State (Smeal),1,0.3333,18.6667,1,2018,2018
570,John Yao,Columbia,1,0.3333,18.3333,1,2018,2018
571,Mehmet Sekip Altug,Virginia (Darden),1,0.3333,18.0000,1,2021,2021
572,Martin A. Lariviere,Northwestern (Kellogg),1,0.3333,17.6667,1,2019,2019
573,Tingliang Huang,Boston College (Carroll),1,0.3333,17.3333,1,2018,2018
574,Amitabh Sinha,UW (Foster),1,0.3333,17.0000,1,2021,2021
574,Konstantinos I. Stouras,SMU (Cox),1,0.3333,17.0000,1,2022,2022
574,Raul O. Chao,Virginia (Darden),1,0.3333,17.0000,1,2022,2022
577,Baek Jung Kim,UBC (Sauder),1,0.3333,16.6667,1,2022,2022
577,Muhammad Zia Hydari,Wharton (UPenn),1,0.3333,16.6667,1,2018,2018
577,Rahul Telang,Carnegie Mellon (Tepper),1,0.3333,16.6667,1,2018,2018
577,William M. Marella,Wharton (UPenn),1,0.3333,16.6667,1,2018,2018
581,Antonio Moreno,Harvard,1,0.3333,16.0000,1,2021,2021
581,Heng Zhang,USC (Marshall),1,0.3333,16.0000,1,2020,2020
581,Jinglong Zhao,MIT,1,0.3333,16.0000,1,2021,2021
584,Chenghuai Li,Duke (Fuqua),1,0.3333,15.6667,1,2025,2025
584,Elliot Bendoly,Ohio State (Fisher),1,0.3333,15.6667,1,2020,2020
586,Emily W. Choi,UT Dallas,1,0.3333,14.6667,1,2020,2020
586,Eva Labro,UNC (Kenan-Flagler),1,0.3333,14.6667,1,2023,2023
586,Stephen Glaeser,UNC (Kenan-Flagler),1,0.3333,14.6667,1,2023,2023
589,Ann P. Bartel,Columbia,1,0.3333,14.3333,1,2020,2020
589,Humoud Alsabah,UW (Foster),1,0.3333,14.3333,1,2023,2023
589,Iavor Bojinov,Harvard,1,0.3333,14.3333,1,2023,2023
589,Justin Jia,Purdue (Daniels),1,0.3333,14.3333,1,2019,2019
593,A. Yeşim Orhun,Michigan (Ross),1,0.3333,14.0000,1,2019,2019
593,Carol Peden,USC (Marshall),1,0.3333,14.0000,1,2020,2020
593,Yan Huang,Carnegie Mellon (Tepper),1,0.3333,14.0000,1,2022,2022
596,Ashwin Venkataraman,Harvard,1,0.3333,13.6667,1,2020,2020
596,Can Küçükgül,UT Dallas,1,0.3333,13.6667,1,2022,2022
596,Clifford Stein,Columbia,1,0.3333,13.6667,1,2020,2020
596,Evgeny Kagan,Michigan (Ross),1,0.3333,13.6667,1,2018,2018
596,Guangwen Kong,Minnesota (Carlson),1,0.3333,13.6667,1,2018,2018
596,Kris J. Ferreira,Harvard,1,0.3333,13.6667,1,2022,2022
596,Lakshminarayanan Subramanian,NYU (Stern),1,0.3333,13.6667,1,2020,2020
596,Sampath Rajagopalan,USC (Marshall),1,0.3333,13.6667,1,2018,2018
596,Shreyas Sekar,Toronto (Rotman),1,0.3333,13.6667,1,2022,2022
596,Van-Anh Truong,Columbia,1,0.3333,13.6667,1,2020,2020
606,Chenguang (Allen) Wu,Northwestern (Kellogg),1,0.3333,13.3333,1,2019,2019
606,Elena Belavina,Cornell,1,0.3333,13.3333,1,2020,2020
606,Hyuck David Chung,Michigan (Ross),1,0.3333,13.3333,1,2024,2024
606,Ohad Perry,Northwestern (Kellogg),1,0.3333,13.3333,1,2019,2019
606,Yue Maggie Zhou,Michigan (Ross),1,0.3333,13.3333,1,2024,2024
611,Amit Basu,SMU (Cox),1,0.3333,12.6667,1,2019,2019
611,Rajiv Mukherjee,SMU (Cox),1,0.3333,12.6667,1,2019,2019
611,Sreekumar Bhaskaran,SMU (Cox),1,0.3333,12.6667,1,2019,2019
614,Hanzhang Qin,MIT,1,0.3333,12.0000,1,2022,2022
615,Alan L. Erera,Georgia Tech (Scheller),1,0.3333,11.6667,1,2022,2022
615,Alejandro Toriello,Georgia Tech (Scheller),1,0.3333,11.6667,1,2022,2022
615,Alexander M. Stroh,Georgia Tech (Scheller),1,0.3333,11.6667,1,2022,2022
615,Jeremy J. Kalas,MIT,1,0.3333,11.6667,1,2021,2021
615,Jerry Anunrojwong,Columbia,1,0.3333,11.6667,1,2023,2023
615,Katharina Lewellen,Dartmouth (Tuck),1,0.3333,11.6667,1,2022,2022
615,Krishnamurthy Iyer,Minnesota (Carlson),1,0.3333,11.6667,1,2023,2023
615,Manuel Adelino,Duke (Fuqua),1,0.3333,11.6667,1,2022,2022
615,W. Ben McCartney,Purdue (Daniels),1,0.3333,11.6667,1,2022,2022
624,Christian Kaps,Wharton (UPenn),1,0.3333,11.3333,1,2023,2023
624,Harshita Kajaria-Montag,Indiana (Kelley),1,0.3333,11.3333,1,2024,2024
624,Nachiketa Sahoo,Boston U (Questrom),1,0.3333,11.3333,1,2022,2022
624,Philipp Strack,UC Berkeley (Haas),1,0.3333,11.3333,1,2018,2018
624,Yicheng Song,Minnesota (Carlson),1,0.3333,11.3333,1,2022,2022
624,Yue Hu,Columbia,1,0.3333,11.3333,1,2022,2022
630,Meng Qi,UC Berkeley (Haas),1,0.3333,11.0000,1,2022,2022
630,Ruslan Momot,Michigan (Ross),1,0.3333,11.0000,1,2024,2024
630,Sentao Miao,Colorado (Leeds),1,0.3333,11.0000,1,2024,2024
630,Yanzhe (Murray) Lei,MIT,1,0.3333,11.0000,1,2024,2024
630,Ying Cao,UC Berkeley (Haas),1,0.3333,11.0000,1,2022,2022
630,Zuo-Jun (Max) Shen,UC Berkeley (Haas),1,0.3333,11.0000,1,2022,2022
636,Gordon Burtch,Boston U (Questrom),1,0.3333,10.6667,1,2023,2023
636,Rui Sun,MIT,1,0.3333,10.6667,1,2022,2022
636,Stanley Frederick W. T. Lim,Michigan (Ross),1,0.3333,10.6667,1,2024,2024
636,Yash Babar,Wisconsin-Madison,1,0.3333,10.6667,1,2023,2023
640,A. Max Reppen,Boston U (Questrom),1,0.3333,10.3333,1,2024,2024
640,Yunzong Xu,MIT,1,0.3333,10.3333,1,2022,2022
642,Jonathan W. Williams,UNC (Kenan-Flagler),1,0.3333,10.0000,1,2016,2016
642,Katia Sycara,Carnegie Mellon (Tepper),1,0.3333,10.0000,1,2020,2020
642,Yichun Hu,Cornell,1,0.3333,10.0000,1,2022,2022
645,Alexander Shapiro,Georgia Tech (Scheller),1,0.3333,9.6667,1,2017,2017
645,Anton J. Kleywegt,Georgia Tech (Scheller),1,0.3333,9.6667,1,2017,2017
645,D. J. Wu,Georgia Tech (Scheller),1,0.3333,9.6667,1,2025,2025
645,Peter W. Glynn,Stanford,1,0.3333,9.6667,1,2019,2019
649,Ignacio Rios,UT Dallas,1,0.3333,9.3333,1,2021,2021
649,Jens Hainmueller,Stanford,1,0.3333,9.3333,1,2017,2017
649,Mili Mehrotra,Minnesota (Carlson),1,0.3333,9.3333,1,2019,2019
649,Sandra Sülz,SMU (Cox),1,0.3333,9.3333,1,2019,2019
653,Alex Chin,Stanford,1,0.3333,9.0000,1,2022,2022
653,Dean Eckles,MIT,1,0.3333,9.0000,1,2022,2022
653,Hao Yuan,Michigan (Ross),1,0.3333,9.0000,1,2021,2021
653,Johan Ugander,Stanford,1,0.3333,9.0000,1,2022,2022
653,Junhyun Bae,Michigan (Ross),1,0.3333,9.0000,1,2022,2022
653,Qi Luo,Michigan (Ross),1,0.3333,9.0000,1,2021,2021
659,Chun Wang,Columbia,1,0.3333,8.6667,1,2018,2018
660,Dmitry Krass,Toronto (Rotman),1,0.3333,8.3333,1,2019,2019
660,Ernan Haruvy,McGill (Desautels),1,0.3333,8.3333,1,2020,2020
660,Hang Ren,Virginia (Darden),1,0.3333,8.3333,1,2021,2021
660,Mohammad M. Fazel-Zarandi,Yale,1,0.3333,8.3333,1,2019,2019
660,Oded Berman,Toronto (Rotman),1,0.3333,8.3333,1,2019,2019
660,Rihuan Huang,Cornell,1,0.3333,8.3333,1,2022,2022
660,Sudeep Bhatia,Wharton (UPenn),1,0.3333,8.3333,1,2022,2022
667,Katherine B. Coffman,Harvard,1,0.3333,8.0000,1,2024,2024
667,Manuela R. Collis,Toronto (Rotman),1,0.3333,8.0000,1,2024,2024
669,Dana G. Popescu,Virginia (Darden),1,0.3333,7.6667,1,2019,2019
669,Elina H. Hwang,UW (Foster),1,0.3333,7.6667,1,2024,2024
669,Khashayar Khosravi,Stanford,1,0.3333,7.6667,1,2021,2021
669,Wendy Olsder,SMU (Cox),1,0.3333,7.6667,1,2023,2023
673,Alain Bensoussan,UT Dallas,1,0.3333,7.3333,1,2020,2020
673,Brett A. Hathaway,Johns Hopkins (Carey),1,0.3333,7.3333,1,2021,2021
673,Sanjith Gopalakrishnan,McGill (Desautels),1,0.3333,7.3333,1,2021,2021
673,Seyed M. Emadi,UNC (Kenan-Flagler),1,0.3333,7.3333,1,2021,2021
673,Sveinn Ólafsson,Columbia,1,0.3333,7.3333,1,2022,2022
673,Tat Y. Chan,WashU (Olin),1,0.3333,7.3333,1,2018,2018
679,Asuman Ozdaglar,MIT,1,0.3333,7.0000,1,2022,2022
679,Bart P. G. Van Parys,MIT,1,0.3333,7.0000,1,2021,2021
679,Elena Andreyeva,Texas A&M (Mays),1,0.3333,7.0000,1,2022,2022
679,Guy David,Wharton (UPenn),1,0.3333,7.0000,1,2022,2022
679,Han Yu,USC (Marshall),1,0.3333,7.0000,1,2026,2026
679,Luyi Yang,Johns Hopkins (Carey),1,0.3333,7.0000,1,2019,2019
685,Hilal Atasoy,Wharton (UPenn),1,0.3333,6.6667,1,2018,2018
685,Kartik Ganju,McGill (Desautels),1,0.3333,6.6667,1,2018,2018
685,Pei-yu Chen,Arizona State (Carey),1,0.3333,6.6667,1,2018,2018
688,Achraf Bahamou,Columbia,1,0.3333,6.3333,1,2023,2023
688,Andre P. Calmon,Georgia Tech (Scheller),1,0.3333,6.3333,1,2024,2024
688,Arielle Anderer,Wharton (UPenn),1,0.3333,6.3333,1,2022,2022
688,Arun Sundararajan,NYU (Stern),1,0.3333,6.3333,1,2023,2023
688,John A. Muckstadt,Cornell,1,0.3333,6.3333,1,2019,2019
688,John Silberholz,Michigan (Ross),1,0.3333,6.3333,1,2022,2022
688,Jon Kleinberg,Cornell,1,0.3333,6.3333,1,2023,2023
688,Manish Raghavan,MIT,1,0.3333,6.3333,1,2023,2023
688,Mustafa Dogan,MIT,1,0.3333,6.3333,1,2021,2021
688,Peter L. Jackson,Cornell,1,0.3333,6.3333,1,2019,2019
688,Sendhil Mullainathan,Chicago (Booth),1,0.3333,6.3333,1,2023,2023
688,Yuexing Li,Cornell,1,0.3333,6.3333,1,2019,2019
700,Alexandre Belloni,Duke (Fuqua),1,0.3333,6.0000,1,2017,2017
700,Chen-An Lin,Duke (Fuqua),1,0.3333,6.0000,1,2023,2023
700,Giuseppe Lopomo,Duke (Fuqua),1,0.3333,6.0000,1,2017,2017
700,Ozlem Yildiz,Virginia (Darden),1,0.3333,6.0000,1,2019,2019
700,Zhiyuan Huang,Michigan (Ross),1,0.3333,6.0000,1,2021,2021
705,Anuj Kumar,Florida (Warrington),1,0.3333,5.6667,1,2023,2023
705,Necati Tereyağoğlu,Columbia,1,0.3333,5.6667,1,2023,2023
705,Patrick Jaillet,MIT,1,0.3333,5.6667,1,2025,2025
705,Piao Chen,UIUC (Gies),1,0.3333,5.6667,1,2025,2025
705,Övünç Yılmaz,Colorado (Leeds),1,0.3333,5.6667,1,2023,2023
710,Beau Coker,Harvard,1,0.3333,5.0000,1,2021,2021
710,Cynthia Rudin,Duke (Fuqua),1,0.3333,5.0000,1,2021,2021
710,Gary King,Harvard,1,0.3333,5.0000,1,2021,2021
710,Joshua Mollner,Northwestern (Kellogg),1,0.3333,5.0000,1,2022,2022
710,Markus Baldauf,UBC (Sauder),1,0.3333,5.0000,1,2022,2022
710,Mochen Yang,Minnesota (Carlson),1,0.3333,5.0000,1,2024,2024
710,Xuan Bi,Minnesota (Carlson),1,0.3333,5.0000,1,2024,2024
717,Alessandro Arlotto,Duke (Fuqua),1,0.3333,4.6667,1,2019,2019
717,Andrew E. Frazelle,Duke (Fuqua),1,0.3333,4.6667,1,2019,2019
717,Wanyi Dai Li,Stanford,1,0.3333,4.6667,1,2023,2023
717,Yehua Wei,Boston College (Carroll),1,0.3333,4.6667,1,2019,2019
721,Anna Bogomolnaia,MIT,1,0.3333,4.3333,1,2022,2022
721,Eric M. Overby,Georgia Tech (Scheller),1,0.3333,4.3333,1,2021,2021
721,Hervé Moulin,MIT,1,0.3333,4.3333,1,2022,2022
721,Jean-François Bégin,UBC (Sauder),1,0.3333,4.3333,1,2022,2022
721,Michael C. Jernigan,Harvard,1,0.3333,4.3333,1,2021,2021
721,Sam Ransbotham,Boston College (Carroll),1,0.3333,4.3333,1,2021,2021
721,Yuan-Mao Kao,Duke (Fuqua),1,0.3333,4.3333,1,2022,2022
728,Mahsa Derakhshan,Maryland (Smith),1,0.3333,4.0000,1,2022,2022
728,Rachitesh Kumar,Columbia,1,0.3333,4.0000,1,2023,2023
728,Sait Tunç,Virginia Tech (Pamplin),1,0.3333,4.0000,1,2022,2022
728,Santiago Balseiro,Columbia,1,0.3333,4.0000,1,2023,2023
728,Yanwei Jia,Columbia,1,0.3333,4.0000,1,2023,2023
728,Yue Hu,Stanford,1,0.3333,4.0000,1,2025,2025
734,Amrita Kundu,UW (Foster),1,0.3333,3.6667,1,2024,2024
734,Anant Mishra,Minnesota (Carlson),1,0.3333,3.6667,1,2022,2022
734,Chirantan Chatterjee,Stanford,1,0.3333,3.6667,1,2022,2022
734,Stephen J. Anderson,Texas A&M (Mays),1,0.3333,3.6667,1,2024,2024
734,Thomas D. Steffen,Yale,1,0.3333,3.6667,1,2025,2025
734,X. Frank Zhang,Yale,1,0.3333,3.6667,1,2025,2025
740,Dan Andrei Iancu,Stanford,1,0.3333,3.3333,1,2021,2021
740,Edward Fox,SMU (Cox),1,0.3333,3.3333,1,2018,2018
740,Gautam Gowrisankaran,Columbia,1,0.3333,3.3333,1,2023,2023
740,John Semple,SMU (Cox),1,0.3333,3.3333,1,2018,2018
740,Laura Norman,SMU (Cox),1,0.3333,3.3333,1,2018,2018
740,Pierre Thomas Léger,UIUC (Gies),1,0.3333,3.3333,1,2023,2023
740,Vidya Mani,Virginia (Darden),1,0.3333,3.3333,1,2022,2022
747,Jack Strauss,Colorado (Leeds),1,0.3333,3.0000,1,2025,2025
747,Mark Schneider,USC (Marshall),1,0.3333,3.0000,1,2025,2025
747,Soroush Ghazi,USC (Marshall),1,0.3333,3.0000,1,2025,2025
750,Ahmad M. Ashkanani,UW (Foster),1,0.3333,2.6667,1,2022,2022
750,Benjamin B. Dunford,Purdue (Daniels),1,0.3333,2.6667,1,2022,2022
750,Douglas Guilbeault,UC Berkeley (Haas),1,0.3333,2.6667,1,2022,2022
750,Edward Bishop Smith,Northwestern (Kellogg),1,0.3333,2.6667,1,2022,2022
750,Edward Dickersin Van Wesep,Colorado (Leeds),1,0.3333,2.6667,1,2022,2022
750,Fanyin Zheng,Columbia,1,0.3333,2.6667,1,2024,2024
750,Joan Brown,USC (Marshall),1,0.3333,2.6667,1,2024,2024
750,Jordan Martel,Indiana (Kelley),1,0.3333,2.6667,1,2022,2022
750,Kevin J. Mumford,Purdue (Daniels),1,0.3333,2.6667,1,2022,2022
750,Mohammad E. Nikoofal,Toronto (Rotman),1,0.3333,2.6667,1,2022,2022
750,Necati Ertekin,Minnesota (Carlson),1,0.3333,2.6667,1,2022,2022
750,Robert Van Wesep,Maryland (Smith),1,0.3333,2.6667,1,2022,2022
750,Sytske C. Wijnsma,UC Berkeley (Haas),1,0.3333,2.6667,1,2024,2024
763,Cynthia Cryder,UW (Foster),1,0.3333,2.3333,1,2024,2024
763,Deniz Akturk,WashU (Olin),1,0.3333,2.3333,1,2025,2025
763,Jens Leth Hougaard,NYU (Stern),1,0.3333,2.3333,1,2022,2022
763,Rachel Gershon,UC Berkeley (Haas),1,0.3333,2.3333,1,2024,2024
763,Ron Adner,Dartmouth (Tuck),1,0.3333,2.3333,1,2023,2023
763,Zhi-Long Chen,Maryland (Smith),1,0.3333,2.3333,1,2024,2024
769,Ajin Lee,Michigan State (Broad),1,0.3333,2.0000,1,2022,2022
769,Chen Chen,NYU (Stern),1,0.3333,2.0000,1,2024,2024
769,Clément S. Bellet,SMU (Cox),1,0.3333,2.0000,1,2025,2025
769,Dennis Zhang,WashU (Olin),1,0.3333,2.0000,1,2025,2025
769,Ginger Zhe Jin,Maryland (Smith),1,0.3333,2.0000,1,2022,2022
769,Jimin Park,MIT,1,0.3333,2.0000,1,2024,2024
769,Marco Salerno,Toronto (Rotman),1,0.3333,2.0000,1,2024,2024
769,On Amir,UC San Diego (Rady),1,0.3333,2.0000,1,2023,2023
769,Redouane Elkamhi,Toronto (Rotman),1,0.3333,2.0000,1,2024,2024
769,Saif Benjaafar,Michigan (Ross),1,0.3333,2.0000,1,2025,2025
769,Xiaotang Yang,Minnesota (Carlson),1,0.3333,2.0000,1,2025,2025
780,Tamar Cohen-Hillel,UBC (Sauder),1,0.3333,1.6667,1,2023,2023
780,Turgay Ayer,Georgia Tech (Scheller),1,0.3333,1.6667,1,2022,2022
782,Alex Imas,Chicago (Booth),1,0.3333,1.3333,1,2025,2025
782,Ankur Mani,Minnesota (Carlson),1,0.3333,1.3333,1,2022,2022
782,Dan Iancu,Stanford,1,0.3333,1.3333,1,2021,2021
782,Dennis Huisman,SMU (Cox),1,0.3333,1.3333,1,2022,2022
782,Gurdip Bakshi,Wharton (UPenn),1,0.3333,1.3333,1,2021,2021
782,Jaelynn Oh,UNC (Kenan-Flagler),1,0.3333,1.3333,1,2025,2025
782,Jiali Huang,Minnesota (Carlson),1,0.3333,1.3333,1,2022,2022
782,Nilay Taník Argon,UNC (Kenan-Flagler),1,0.3333,1.3333,1,2022,2022
782,Osbert Bastani,Wharton (UPenn),1,0.3333,1.3333,1,2026,2026
782,Thomas Breugem,SMU (Cox),1,0.3333,1.3333,1,2022,2022
782,Tuoyi Zhao,Florida (Warrington),1,0.3333,1.3333,1,2025,2025
782,Twan Dollevoet,SMU (Cox),1,0.3333,1.3333,1,2022,2022
782,Wen-Xin Zhou,UIUC (Gies),1,0.3333,1.3333,1,2025,2025
782,Wichinpong Park Sinchaisri,UC Berkeley (Haas),1,0.3333,1.3333,1,2026,2026
782,Xavier Warnes,Stanford,1,0.3333,1.3333,1,2021,2021
782,Xiaohui Gao,Wharton (UPenn),1,0.3333,1.3333,1,2021,2021
798,Dirk Hackbarth,Boston U (Questrom),1,0.3333,1.0000,1,2022,2022
798,Ekaterina Astashkina,Michigan (Ross),1,0.3333,1.0000,1,2025,2025
798,Eojin Han,Northwestern (Kellogg),1,0.3333,1.0000,1,2019,2019
798,Murat Köksalan,Michigan (Ross),1,0.3333,1.0000,1,2023,2023
798,Omid Nohadani,Northwestern (Kellogg),1,0.3333,1.0000,1,2019,2019
798,Shreyas Sekar,Harvard,1,0.3333,1.0000,1,2021,2021
798,Thomas J. Chemmanur,Boston College (Carroll),1,0.3333,1.0000,1,2025,2025
798,Zhipeng Liao,UCLA (Anderson),1,0.3333,1.0000,1,2024,2024
806,Cleotilde Gonzalez,Carnegie Mellon (Tepper),1,0.3333,0.6667,1,2025,2025
806,Dorothee Honhon,UT Dallas,1,0.3333,0.6667,1,2025,2025
806,Gregory Macnamara,Stanford,1,0.3333,0.6667,1,2022,2022
806,Kalyan Singhal,Maryland (Smith),1,0.3333,0.6667,1,2025,2025
806,Krista Li,Indiana (Kelley),1,0.3333,0.6667,1,2025,2025
806,Xiajun Amy Pan,Florida (Warrington),1,0.3333,0.6667,1,2025,2025
812,Angelos Tsoukalas,SMU (Cox),1,0.3333,0.3333,1,2026,2026
812,Artem Timoshenko,Northwestern (Kellogg),1,0.3333,0.3333,1,2025,2025
812,Arthur Delarue,Georgia Tech (Scheller),1,0.3333,0.3333,1,2025,2025
812,Ayoub Amil,Duke (Fuqua),1,0.3333,0.3333,1,2025,2025
812,Christoph Schiller,Arizona State (Carey),1,0.3333,0.3333,1,2025,2025
812,Duncan Simester,MIT,1,0.3333,0.3333,1,2025,2025
812,Ido Bright,UW (Foster),1,0.3333,0.3333,1,2025,2025
812,Jess Cornaggia,Penn State (Smeal),1,0.3333,0.3333,1,2025,2025
812,Kimberly Cornaggia,Penn State (Smeal),1,0.3333,0.3333,1,2025,2025
812,Mehmet I. Canayaz,Penn State (Smeal),1,0.3333,0.3333,1,2025,2025
812,Michael Hertzel,Arizona State (Carey),1,0.3333,0.3333,1,2025,2025
812,Pengyu Qian,Boston U (Questrom),1,0.3333,0.3333,1,2025,2025
812,Raoul Minetti,Michigan State (Broad),1,0.3333,0.3333,1,2025,2025
812,Susan Chun Zhu,Michigan State (Broad),1,0.3333,0.3333,1,2025,2025
812,Tarun Kushwaha,Wisconsin-Madison,1,0.3333,0.3333,1,2026,2026
812,Vanitha Virudachalam,UIUC (Gies),1,0.3333,0.3333,1,2023,2023
812,Yaqi Xie,Chicago (Booth),1,0.3333,0.3333,1,2025,2025
812,Yuval Rottenstreich,UC San Diego (Rady),1,0.3333,0.3333,1,2023,2023
830,Alberto Quaini,SMU (Cox),1,0.3333,0.0000,1,2025,2025
830,Andrey Fradkin,Boston U (Questrom),1,0.3333,0.0000,1,2026,2026
830,Anqi Wu,Florida (Warrington),1,0.3333,0.0000,1,2025,2025
830,Anton Kleywegt,Georgia Tech (Scheller),1,0.3333,0.0000,1,2025,2025
830,Arthur Delarue,Virginia (Darden),1,0.3333,0.0000,1,2026,2026
830,Catherine H. Tinsley,UW (Foster),1,0.3333,0.0000,1,2025,2025
830,Christopher F. Chabris,Wharton (UPenn),1,0.3333,0.0000,1,2025,2025
830,Craig Fernandes,Toronto (Rotman),1,0.3333,0.0000,1,2025,2025
830,Danial Mohseni-Taheri,UIUC (Gies),1,0.3333,0.0000,1,2023,2023
830,Danna Thomas,Columbia,1,0.3333,0.0000,1,2026,2026
830,David D. Yao,Columbia,1,0.3333,0.0000,1,2026,2026
830,Felipe A. Araujo,Wharton (UPenn),1,0.3333,0.0000,1,2025,2025
830,Irene Y. Lo,Stanford,1,0.3333,0.0000,1,2025,2025
830,Jiayue Wan,Cornell,1,0.3333,0.0000,1,2025,2025
830,Joann F. de Zegher,MIT,1,0.3333,0.0000,1,2025,2025
830,John J. Horton,MIT,1,0.3333,0.0000,1,2026,2026
830,Joonho Bae,Indiana (Kelley),1,0.3333,0.0000,1,2025,2025
830,Lindsey Woodworth,Columbia,1,0.3333,0.0000,1,2026,2026
830,Michael Jong Kim,UBC (Sauder),1,0.3333,0.0000,1,2026,2026
830,Michelle N. Meyer,Wharton (UPenn),1,0.3333,0.0000,1,2025,2025
830,Orgül Öztürk,Columbia,1,0.3333,0.0000,1,2026,2026
830,Peter I. Frazier,Cornell,1,0.3333,0.0000,1,2025,2025
830,Richard Gonzalez,Michigan (Ross),1,0.3333,0.0000,1,2025,2025
830,Sebastien Martin,Northwestern (Kellogg),1,0.3333,0.0000,1,2026,2026
830,Siva Theja Maguluri,Georgia Tech (Scheller),1,0.3333,0.0000,1,2025,2025
830,Sofonias Alemu Korsaye,Johns Hopkins (Carey),1,0.3333,0.0000,1,2025,2025
830,Sridhar Seshadri,UIUC (Gies),1,0.3333,0.0000,1,2025,2025
830,Sushil Mahavir Varma,Georgia Tech (Scheller),1,0.3333,0.0000,1,2025,2025
830,Tami Kim,Harvard,1,0.3333,0.0000,1,2017,2017
830,Timothy C.Y. Chan,Toronto (Rotman),1,0.3333,0.0000,1,2025,2025
830,Uttara M. Ananthakrishnan,UW (Foster),1,0.3333,0.0000,1,2025,2025
830,Vibhuti Dhingra,Toronto (Rotman),1,0.3333,0.0000,1,2025,2025
830,Vineet Kumar,Yale,1,0.3333,0.0000,1,2026,2026
830,Woonghee Tim Huh,UBC (Sauder),1,0.3333,0.0000,1,2026,2026
830,Xue Wang,UW (Foster),1,0.3333,0.0000,1,2025,2025
830,Xuejun Zhao,UNC (Kenan-Flagler),1,0.3333,0.0000,1,2025,2025
830,Yeqing Zhou,SMU (Cox),1,0.3333,0.0000,1,2026,2026
830,Yu (Rain) Kan,Indiana (Kelley),1,0.3333,0.0000,1,2025,2025
830,Yuan Shi,MIT,1,0.3333,0.0000,1,2025,2025
830,Yujia Zhang,Cornell,1,0.3333,0.0000,1,2025,2025
870,Hengchen Dai,UCLA (Anderson),2,0.3095,24.0238,2,2019,2023
871,Omar El Housni,Cornell,2,0.2917,2.8333,2,2023,2026
872,David Hofmann,UNC (Kenan-Flagler),1,0.2500,46.2500,1,2017,2017
872,Hengchen Dai,WashU (Olin),1,0.2500,46.2500,1,2017,2017
874,Maria R. Ibanez,Harvard,1,0.2500,43.0000,1,2018,2018
874,Robert S. Huckman,Harvard,1,0.2500,43.0000,1,2018,2018
876,David Rosenthal,Columbia,1,0.2500,35.2500,1,2018,2018
876,Margaret E. Kruk,Harvard,1,0.2500,35.2500,1,2018,2018
876,Nan Liu,Columbia,1,0.2500,35.2500,1,2018,2018
879,Gustavo Vulcano,NYU (Stern),1,0.2500,31.7500,1,2016,2016
880,Chun Ye,UW (Foster),1,0.2500,25.2500,1,2020,2020
881,Diana M. Negoescu,Minnesota (Carlson),1,0.2500,25.0000,1,2018,2018
881,Margaret L. Brandeau,Stanford,1,0.2500,25.0000,1,2018,2018
881,Nicola Secomandi,Carnegie Mellon (Tepper),1,0.2500,25.0000,1,2016,2016
881,Stephen Smith,Carnegie Mellon (Tepper),1,0.2500,25.0000,1,2016,2016
885,Allison O’Hair,Stanford,1,0.2500,24.7500,1,2016,2016
885,John Silberholz,MIT,1,0.2500,24.7500,1,2016,2016
885,Stephen Relyea,MIT,1,0.2500,24.7500,1,2016,2016
888,Andras Molnar,Chicago (Booth),1,0.2500,22.7500,1,2022,2022
888,Russell Golman,Carnegie Mellon (Tepper),1,0.2500,22.7500,1,2022,2022
890,Maryam Kouchaki,Northwestern (Kellogg),1,0.2500,19.7500,1,2020,2020
891,Xianjun Geng,UT Dallas,1,0.2500,18.7500,1,2016,2016
892,Brad Greenwood,Virginia (Darden),1,0.2500,18.2500,1,2020,2020
892,Jeffery McCullough,Michigan (Ross),1,0.2500,18.2500,1,2020,2020
892,Kartik K. Ganju,McGill (Desautels),1,0.2500,18.2500,1,2020,2020
895,Robert L. Winkler,Duke (Fuqua),1,0.2500,17.2500,1,2017,2017
896,Emre M. Demirezen,Florida (Warrington),1,0.2500,13.5000,1,2023,2023
896,Ramkumar Janakiraman,Columbia,1,0.2500,13.5000,1,2023,2023
898,Susan J. Lambert,Chicago (Booth),1,0.2500,13.2500,1,2022,2022
899,James B. Rebitzer,Boston U (Questrom),1,0.2500,11.2500,1,2022,2022
899,Keith Marzilli Ericson,Boston U (Questrom),1,0.2500,11.2500,1,2022,2022
899,Leila Agha,Dartmouth (Tuck),1,0.2500,11.2500,1,2022,2022
902,Ciamac C. Moallemi,Columbia,1,0.2500,11.0000,1,2020,2020
902,Mariana Nicolae,Michigan (Ross),1,0.2500,11.0000,1,2017,2017
902,Mark Ferguson,Columbia,1,0.2500,11.0000,1,2017,2017
902,Nikhil Bhat,Columbia,1,0.2500,11.0000,1,2020,2020
906,Aaron Striegel,Notre Dame (Mendoza),1,0.2500,10.2500,1,2022,2022
906,Idris Adjerid,Virginia Tech (Pamplin),1,0.2500,10.2500,1,2022,2022
906,Rachael Purta,Notre Dame (Mendoza),1,0.2500,10.2500,1,2022,2022
909,Sudipto Dasgupta,UW (Foster),1,0.2500,10.0000,1,2023,2023
910,Yuan Zhou,UIUC (Gies),1,0.2500,9.7500,1,2022,2022
911,Fahad Saleh,UNC (Kenan-Flagler),1,0.2500,9.2500,1,2023,2023
911,Wenjun Wang,Columbia,1,0.2500,9.2500,1,2023,2023
913,Yuxin Chen,NYU (Stern),1,0.2500,8.0000,1,2024,2024
914,Anandasivam Gopal,Maryland (Smith),1,0.2500,7.2500,1,2017,2017
914,Brad N. Greenwood,Wharton (UPenn),1,0.2500,7.2500,1,2017,2017
914,Daniel Jiang,Wharton (UPenn),1,0.2500,7.2500,1,2022,2022
914,Rajshree Agarwal,Maryland (Smith),1,0.2500,7.2500,1,2017,2017
914,Ritu Agarwal,Maryland (Smith),1,0.2500,7.2500,1,2017,2017
914,Saif Benjaafar,Minnesota (Carlson),1,0.2500,7.2500,1,2022,2022
914,Xiang Li,UW (Foster),1,0.2500,7.2500,1,2022,2022
921,Prashant Loyalka,Stanford,1,0.2500,7.0000,1,2022,2022
922,Boris Groysberg,Harvard,1,0.2500,6.5000,1,2021,2021
922,J. Yo-Jud Cheng,Virginia (Darden),1,0.2500,6.5000,1,2021,2021
922,Nicolás E. Stier-Moses,Columbia,1,0.2500,6.5000,1,2016,2016
922,Paul Healy,Harvard,1,0.2500,6.5000,1,2021,2021
922,Rajesh Vijayaraghavan,UBC (Sauder),1,0.2500,6.5000,1,2021,2021
927,Chad Syverson,Chicago (Booth),1,0.2500,6.2500,1,2021,2021
927,Vishal Ahuja,SMU (Cox),1,0.2500,6.2500,1,2021,2021
929,Brian Rongqing Han,USC (Marshall),1,0.2500,4.7500,1,2020,2020
929,Hyung Paek,Yale,1,0.2500,4.7500,1,2020,2020
931,Manmohan Aseri,UT Dallas,1,0.2500,4.5000,1,2018,2018
931,Qiong Wang,UIUC (Gies),1,0.2500,4.5000,1,2019,2019
933,Fan Zhang,Stanford,1,0.2500,3.7500,1,2023,2023
933,Jing Zhou,UNC (Kenan-Flagler),1,0.2500,3.7500,1,2023,2023
933,Jose Blanchet,Stanford,1,0.2500,3.7500,1,2023,2023
933,Moutaz J. Khouja,UNC (Kenan-Flagler),1,0.2500,3.7500,1,2023,2023
933,Nian Si,Stanford,1,0.2500,3.7500,1,2023,2023
933,Ram Mudambi,Wharton (UPenn),1,0.2500,3.7500,1,2023,2023
933,Shubham Gupta,Wharton (UPenn),1,0.2500,3.7500,1,2023,2023
940,Ayelet Israeli,Harvard,1,0.2500,3.5000,1,2022,2022
940,Charles Corbett,UCLA (Anderson),1,0.2500,3.5000,1,2017,2017
940,Fiona Scott-Morton,Yale,1,0.2500,3.5000,1,2022,2022
940,Florian Zettelmeyer,Northwestern (Kellogg),1,0.2500,3.5000,1,2022,2022
940,Terry Taylor,UC Berkeley (Haas),1,0.2500,3.5000,1,2017,2017
945,Matt Baucum,Florida (Warrington),1,0.2500,3.2500,1,2023,2023
946,Minje Park,Columbia,1,0.2500,3.0000,1,2024,2024
946,Rena M. Conti,Boston U (Questrom),1,0.2500,3.0000,1,2024,2024
948,David A. Asch,Wharton (UPenn),1,0.2500,2.7500,1,2024,2024
948,Dennis J. Zhang,UW (Foster),1,0.2500,2.7500,1,2025,2025
948,Kevin G. Volpp,Wharton (UPenn),1,0.2500,2.7500,1,2024,2024
948,Suparerk Lekwijit,Arizona State (Carey),1,0.2500,2.7500,1,2024,2024
952,Daniel Bauer,Wisconsin-Madison,1,0.2500,2.5000,1,2020,2020
952,Steven Kou,Boston U (Questrom),1,0.2500,2.5000,1,2023,2023
954,Don A. Moore,UC Berkeley (Haas),1,0.2500,2.2500,1,2024,2024
954,Elliot Rabinovich,Arizona State (Carey),1,0.2500,2.2500,1,2025,2025
954,Jack B. Soll,Duke (Fuqua),1,0.2500,2.2500,1,2024,2024
954,Joshua Klayman,Chicago (Booth),1,0.2500,2.2500,1,2024,2024
954,Rui Sun,UW (Foster),1,0.2500,2.2500,1,2024,2024
954,Sanghak Lee,Arizona State (Carey),1,0.2500,2.2500,1,2025,2025
954,Stanley Frederick W. T. Lim,Michigan State (Broad),1,0.2500,2.2500,1,2025,2025
961,Alexander Wei,UC Berkeley (Haas),1,0.2500,2.0000,1,2023,2023
961,Douglas R. Bish,USC (Marshall),1,0.2500,2.0000,1,2022,2022
961,Ebru K. Bish,USC (Marshall),1,0.2500,2.0000,1,2022,2022
964,Anicet A. Fangwa,McGill (Desautels),1,0.2500,1.5000,1,2024,2024
964,Caroline Flammer,Columbia,1,0.2500,1.5000,1,2024,2024
964,Ding Zhao,Carnegie Mellon (Tepper),1,0.2500,1.5000,1,2024,2024
964,Hemeng Li,Cornell,1,0.2500,1.5000,1,2025,2025
964,Pieter L. van den Berg,SMU (Cox),1,0.2500,1.5000,1,2025,2025
964,Rowan P. Clarke,Harvard,1,0.2500,1.5000,1,2024,2024
964,Ruoxuan Xiong,Emory (Goizueta),1,0.2500,1.5000,1,2024,2024
964,Shane G. Henderson,Cornell,1,0.2500,1.5000,1,2025,2025
964,Yuanlu Bai,Columbia,1,0.2500,1.5000,1,2024,2024
973,John R. Busenbark,Notre Dame (Mendoza),1,0.2500,1.2500,1,2026,2026
973,Kaitlin D. Wowak,Notre Dame (Mendoza),1,0.2500,1.2500,1,2026,2026
973,Karthik V. Natarajan,Minnesota (Carlson),1,0.2500,1.2500,1,2026,2026
976,Parshan Pakiman,UIUC (Gies),1,0.2500,1.0000,1,2025,2025
976,Shelly Rathee,Wharton (UPenn),1,0.2500,1.0000,1,2023,2023
978,Fuqiang Zhang,WashU (Olin),1,0.2500,0.7500,1,2025,2025
979,Aaron Babier,Toronto (Rotman),1,0.2500,0.2500,1,2025,2025
979,Adam Diamant,Toronto (Rotman),1,0.2500,0.2500,1,2025,2025
979,Akshaya Suresh,Virginia (Darden),1,0.2500,0.2500,1,2025,2025
979,Alexandra Chouldechova,Carnegie Mellon (Tepper),1,0.2500,0.2500,1,2025,2025
979,Amine Bennouna,MIT,1,0.2500,0.2500,1,2025,2025
979,Artur Dubrawski,Carnegie Mellon (Tepper),1,0.2500,0.2500,1,2025,2025
979,Ashvin Gandhi,UCLA (Anderson),1,0.2500,0.2500,1,2025,2025
979,Daniel Wiesen,SMU (Cox),1,0.2500,0.2500,1,2026,2026
979,Donghao Ying,UC Berkeley (Haas),1,0.2500,0.2500,1,2026,2026
979,Elisa F. Long,UCLA (Anderson),1,0.2500,0.2500,1,2025,2025
979,Javad Lavaei,UC Berkeley (Haas),1,0.2500,0.2500,1,2026,2026
979,Jingyuan Hu,UCLA (Anderson),1,0.2500,0.2500,1,2025,2025
979,Jue Wang,Cornell,1,0.2500,0.2500,1,2025,2025
979,Long He,UW (Foster),1,0.2500,0.2500,1,2025,2025
979,Mengzi Amy Guo,UC Berkeley (Haas),1,0.2500,0.2500,1,2026,2026
979,Omar Skali Lami,MIT,1,0.2500,0.2500,1,2025,2025
979,Roozbeh Yousefi,MIT,1,0.2500,0.2500,1,2025,2025
979,Vincent Jeanselme,UNC (Kenan-Flagler),1,0.2500,0.2500,1,2025,2025
979,Volodymyr Babich,UW (Foster),1,0.2500,0.2500,1,2025,2025
979,Xueze Song,USC (Marshall),1,0.2500,0.2500,1,2025,2025
999,Andrew Li,Carnegie Mellon (Tepper),1,0.2500,0.0000,1,2025,2025
999,Ayelet Gneezy,UC San Diego (Rady),1,0.2500,0.0000,1,2025,2025
999,Brian Rongqing Han,UIUC (Gies),1,0.2500,0.0000,1,2025,2025
999,Fan Zou,Penn State (Smeal),1,0.2500,0.0000,1,2025,2025
999,Haiyan Liu,Florida (Warrington),1,0.2500,0.0000,1,2018,2018
999,Hannah Li,Stanford,1,0.2500,0.0000,1,2022,2022
999,Khaled Saleh,Michigan (Ross),1,0.2500,0.0000,1,2018,2018
999,Kyra Gan,Cornell,1,0.2500,0.0000,1,2025,2025
999,Leif D. Nelson,UC Berkeley (Haas),1,0.2500,0.0000,1,2025,2025
999,M. Bumin Yenmez,Boston College (Carroll),1,0.2500,0.0000,1,2024,2024
999,M. Utku Ünver,Boston College (Carroll),1,0.2500,0.0000,1,2024,2024
999,Minah H. Jung,NYU (Stern),1,0.2500,0.0000,1,2025,2025
999,Parag A. Pathak,MIT,1,0.2500,0.0000,1,2024,2024
999,Ramesh Johari,Stanford,1,0.2500,0.0000,1,2022,2022
999,Sriram Venkataraman,Columbia,1,0.2500,0.0000,1,2025,2025
999,Su Jia,Cornell,1,0.2500,0.0000,1,2025,2025
999,Tayfun Sönmez,Boston College (Carroll),1,0.2500,0.0000,1,2024,2024
999,Yan Dong,Columbia,1,0.2500,0.0000,1,2025,2025
1017,Mark Weber,MIT,1,0.2000,119.2000,1,2020,2020
1018,J. G. Dai,Cornell,1,0.2000,36.2000,1,2016,2016
1019,Hailong Cui,USC (Marshall),1,0.2000,29.8000,1,2021,2021
1019,Sanjith Gopalakrishnan,UBC (Sauder),1,0.2000,29.8000,1,2021,2021
1021,Aravind Chandrasekaran,Ohio State (Fisher),1,0.2000,29.4000,1,2016,2016
1021,Peter T. Ward,Ohio State (Fisher),1,0.2000,29.4000,1,2016,2016
1021,Susan D. Moffatt-Bruce,Ohio State (Fisher),1,0.2000,29.4000,1,2016,2016
1024,Qingxia Kong,SMU (Cox),1,0.2000,17.8000,1,2020,2020
1025,Daniel Diermeier,Chicago (Booth),1,0.2000,11.2000,1,2018,2018
1025,Seyed M. R. Iravani,Northwestern (Kellogg),1,0.2000,11.2000,1,2018,2018
1025,Wallace J. Hopp,Michigan (Ross),1,0.2000,11.2000,1,2018,2018
1025,Yao Cheng,Northwestern (Kellogg),1,0.2000,11.2000,1,2018,2018
1029,Linda V. Green,Columbia,1,0.2000,10.6000,1,2019,2019
1029,Suparerk Lekwijit,Wharton (UPenn),1,0.2000,10.6000,1,2019,2019
1031,Dan Zhang,Colorado (Leeds),1,0.2000,9.6000,1,2016,2016
1031,Saibal Ray,McGill (Desautels),1,0.2000,9.6000,1,2016,2016
1033,Marco Pavone,Stanford,1,0.2000,8.6000,1,2022,2022
1034,Lennart Baardman,MIT,1,0.2000,7.4000,1,2019,2019
1035,Anita Cattrell,Virginia (Darden),1,0.2000,2.6000,1,2022,2022
1035,Katherine Bobroske,Virginia (Darden),1,0.2000,2.6000,1,2022,2022
1037,Anne Canamucio,UW (Foster),1,0.2000,2.4000,1,2022,2022
1037,Humoud Alsabah,Columbia,1,0.2000,2.4000,1,2021,2021
1037,Rachel M. Werner,Wharton (UPenn),1,0.2000,2.4000,1,2022,2022
1037,Steven C. Marcus,Wharton (UPenn),1,0.2000,2.4000,1,2022,2022
1041,Fransisca Susan,MIT,1,0.2000,2.0000,1,2023,2023
1042,Andrea Lodi,Cornell,1,0.2000,1.8000,1,2024,2024
1042,Andrew Daw,USC (Marshall),1,0.2000,1.8000,1,2025,2025
1042,Antonio Castellanos,Chicago (Booth),1,0.2000,1.8000,1,2025,2025
1042,Jamol Pender,Cornell,1,0.2000,1.8000,1,2025,2025
1046,Joseph Newhouse,Harvard,1,0.2000,1.6000,1,2023,2023
1046,Mary Beth Landrum,Harvard,1,0.2000,1.6000,1,2023,2023
1048,Abhay Parekh,UC Berkeley (Haas),1,0.2000,1.4000,1,2023,2023
1048,David Marn,UC Berkeley (Haas),1,0.2000,1.4000,1,2023,2023
1048,Kannan Ramchandran,UC Berkeley (Haas),1,0.2000,1.4000,1,2023,2023
1048,Nihar Shah,Carnegie Mellon (Tepper),1,0.2000,1.4000,1,2023,2023
1052,Cong Shi,Florida (Warrington),1,0.2000,1.0000,1,2025,2025
1052,Edward McFowland,Harvard,1,0.2000,1.0000,1,2023,2023
1052,Esmaeil Keyvanshokooh,Texas A&M (Mays),1,0.2000,1.0000,1,2025,2025
1052,Jui Ramaprasad,Maryland (Smith),1,0.2000,1.0000,1,2023,2023
1052,Mark P. Van Oyen,Michigan (Ross),1,0.2000,1.0000,1,2025,2025
1052,Mohammad Zhalechian,Indiana (Kelley),1,0.2000,1.0000,1,2025,2025
1058,Gui Liberali,SMU (Cox),1,0.2000,0.8000,1,2022,2022
1058,Kaiqing Zhang,Maryland (Smith),1,0.2000,0.8000,1,2025,2025
1058,Tamer Başar,UIUC (Gies),1,0.2000,0.8000,1,2025,2025
1058,Weichao Mao,UIUC (Gies),1,0.2000,0.8000,1,2025,2025
1062,Houssam Nassif,UW (Foster),1,0.2000,0.2000,1,2022,2022
1062,Joseph Hong,UW (Foster),1,0.2000,0.2000,1,2022,2022
1062,Michael Honig,Northwestern (Kellogg),1,0.2000,0.2000,1,2020,2020
1062,Rakesh Vohra,Wharton (UPenn),1,0.2000,0.2000,1,2020,2020
1062,Sareh Nabi,UW (Foster),1,0.2000,0.2000,1,2022,2022
1062,Thành Nguyen,Purdue (Daniels),1,0.2000,0.2000,1,2020,2020
1062,Vijay Subramanian,Michigan (Ross),1,0.2000,0.2000,1,2020,2020
1062,Zhengling Qi,UW (Foster),1,0.2000,0.2000,1,2026,2026
1062,Zhuoran Yang,Yale,1,0.2000,0.2000,1,2026,2026
1062,Zuyue Fu,Northwestern (Kellogg),1,0.2000,0.2000,1,2026,2026
1072,C. B. Bhattacharya,Wharton (UPenn),1,0.2000,0.0000,1,2025,2025
1072,Chaojie Ji,UBC (Sauder),1,0.2000,0.0000,1,2025,2025
1072,Chu Wang,UW (Foster),1,0.2000,0.0000,1,2025,2025
1072,Damian Beil,Michigan (Ross),1,0.2000,0.0000,1,2025,2025
1072,Daniel Houser,Virginia (Darden),1,0.2000,0.0000,1,2026,2026
1072,Deena Kelly Costa,Yale,1,0.2000,0.0000,1,2025,2025
1072,Evan Gilbertson,Wharton (UPenn),1,0.2000,0.0000,1,2025,2025
1072,Guangyu Zhang,UW (Foster),1,0.2000,0.0000,1,2025,2025
1072,Jiawei Li,UW (Foster),1,0.2000,0.0000,1,2025,2025
1072,Jiayang Ren,UBC (Sauder),1,0.2000,0.0000,1,2025,2025
1072,Kaixun Hua,UBC (Sauder),1,0.2000,0.0000,1,2025,2025
1072,León Valdés,Wharton (UPenn),1,0.2000,0.0000,1,2025,2025
1072,Lisa M. Maillart,Wharton (UPenn),1,0.2000,0.0000,1,2018,2018
1072,Mark S. Roberts,Wharton (UPenn),1,0.2000,0.0000,1,2018,2018
1072,Michael Sjoding,Michigan (Ross),1,0.2000,0.0000,1,2025,2025
1072,Oleg A. Prokopyev,Wharton (UPenn),1,0.2000,0.0000,1,2018,2018
1072,Oliver Hahl,Carnegie Mellon (Tepper),1,0.2000,0.0000,1,2025,2025
1072,Renfei Tan,MIT,1,0.2000,0.0000,1,2025,2025
1072,Samir F. Saba,Wharton (UPenn),1,0.2000,0.0000,1,2018,2018
1072,Trevor Young-Hyman,Wharton (UPenn),1,0.2000,0.0000,1,2025,2025
1072,Yankai Cao,UBC (Sauder),1,0.2000,0.0000,1,2025,2025
1072,Yuhang Wu,UC Berkeley (Haas),1,0.2000,0.0000,1,2025,2025
1072,Zuohua Zhang,UW (Foster),1,0.2000,0.0000,1,2025,2025
1095,Dennis J. Zhang,Northwestern (Kellogg),1,0.1667,15.5000,1,2016,2016
1095,Eric Park,UBC (Sauder),1,0.1667,15.5000,1,2016,2016
1095,Robert S. Young,Indiana (Kelley),1,0.1667,15.5000,1,2016,2016
1098,Garud N. Iyengar,Columbia,1,0.1667,9.8333,1,2022,2022
1098,Shuangyu Wang,MIT,1,0.1667,9.8333,1,2022,2022
1098,Xiao-Yue Gong,MIT,1,0.1667,9.8333,1,2022,2022
1101,Petar Momčilović,Texas A&M (Mays),1,0.1667,9.6667,1,2020,2020
1102,Amandeep Singh,Wharton (UPenn),1,0.1667,5.1667,1,2022,2022
1102,Georgios Askalidis,Northwestern (Kellogg),1,0.1667,5.1667,1,2022,2022
1102,Nicole Immorlica,UW (Foster),1,0.1667,5.1667,1,2022,2022
1105,Billy Jin,Cornell,1,0.1667,2.8333,1,2023,2023
1105,David P. Williamson,Cornell,1,0.1667,2.8333,1,2023,2023
1107,René Caldentey,Chicago (Booth),1,0.1667,1.0000,1,2024,2024
1107,Yuan Zhong,Chicago (Booth),1,0.1667,1.0000,1,2024,2024
1109,Jan Willem Lindemans,Duke (Fuqua),1,0.1667,0.5000,1,2025,2025
1109,Jonathan N. Cloughesy,USC (Marshall),1,0.1667,0.5000,1,2025,2025
1109,Nina Bartmann,Duke (Fuqua),1,0.1667,0.5000,1,2025,2025
1112,Meng Qi,Cornell,1,0.1429,16.5714,1,2023,2023
1112,Yuanyuan Shi,UC San Diego (Rady),1,0.1429,16.5714,1,2023,2023
1112,Zuo-Jun (Max) Shen,Cornell,1,0.1429,16.5714,1,2023,2023
1115,Anthony Veltri,Ohio State (Fisher),1,0.1429,7.4286,1,2020,2020
1115,Brian Fynes,SMU (Cox),1,0.1429,7.4286,1,2020,2020
1115,John Gray,Ohio State (Fisher),1,0.1429,7.4286,1,2020,2020
1115,Mark Pagell,SMU (Cox),1,0.1429,7.4286,1,2020,2020
1115,Michalis Louis,SMU (Cox),1,0.1429,7.4286,1,2020,2020
1120,Eva C. Guinan,Harvard,1,0.1429,6.4286,1,2022,2022
1120,Gary Gray,Harvard,1,0.1429,6.4286,1,2022,2022
1120,Hardeep Ranu,Harvard,1,0.1429,6.4286,1,2022,2022
1120,Jacqueline N. Lane,Harvard,1,0.1429,6.4286,1,2022,2022
1120,Karim R. Lakhani,Harvard,1,0.1429,6.4286,1,2022,2022
1120,Michael Menietti,Harvard,1,0.1429,6.4286,1,2022,2022
1120,Misha Teplitskiy,Michigan (Ross),1,0.1429,6.4286,1,2022,2022
1127,Nicholas Renegar,MIT,1,0.1429,6.1429,1,2021,2021
1127,Stacy Springs,MIT,1,0.1429,6.1429,1,2021,2021
1129,Debmalya Panigrahi,Duke (Fuqua),1,0.1429,3.2857,1,2022,2022
1129,Vincent Conitzer,Duke (Fuqua),1,0.1429,3.2857,1,2022,2022
1131,Claire Holloway,Toronto (Rotman),1,0.1429,1.0000,1,2022,2022
1131,Katharina Forster,Toronto (Rotman),1,0.1429,1.0000,1,2022,2022
1131,Luciano Ieraci,Toronto (Rotman),1,0.1429,1.0000,1,2022,2022
1131,Nasrin Yousefi,Toronto (Rotman),1,0.1429,1.0000,1,2022,2022
1131,Yusuf Shalaby,Toronto (Rotman),1,0.1429,1.0000,1,2022,2022
1136,Andrew Caplin,NYU (Stern),1,0.1429,0.0000,1,2025,2025
1136,Angela L. Duckworth,Wharton (UPenn),1,0.1429,0.0000,1,2025,2025
1136,Ben Weidmann,Harvard,1,0.1429,0.0000,1,2025,2025
1136,David Deming,Harvard,1,0.1429,0.0000,1,2025,2025
1136,Dean Karlan,Northwestern (Kellogg),1,0.1429,0.0000,1,2025,2025
1136,Erika L. Kirgios,Chicago (Booth),1,0.1429,0.0000,1,2025,2025
1136,Kadachi Jiada Ye,NYU (Stern),1,0.1429,0.0000,1,2025,2025
1136,Michael Luca,Johns Hopkins (Carey),1,0.1429,0.0000,1,2025,2025
1136,Molly Offer-Westort,Chicago (Booth),1,0.1429,0.0000,1,2025,2025
1136,Shangwen Li,NYU (Stern),1,0.1429,0.0000,1,2025,2025
1146,Jordan D. Tong,Wisconsin-Madison,1,0.1250,3.8750,1,2023,2023
1146,Samantha Keppler,Michigan (Ross),1,0.1250,3.8750,1,2023,2023
1148,Alisa Judy-Malcolm,Indiana (Kelley),1,0.1250,1.2500,1,2023,2023
1148,Areeba Kara,Indiana (Kelley),1,0.1250,1.2500,1,2023,2023
1148,Edwin C. Coe,UW (Foster),1,0.1250,1.2500,1,2023,2023
1148,Jonathan E. Helm,Indiana (Kelley),1,0.1250,1.2500,1,2023,2023
1148,Kurt M. Bretthauer,Indiana (Kelley),1,0.1250,1.2500,1,2023,2023
1153,Andreea Georgescu,MIT,1,0.1250,0.0000,1,2025,2025
1153,Andrew T. Zheng,UBC (Sauder),1,0.1250,0.0000,1,2025,2025
1153,Jingchen Wu,UW (Foster),1,0.1250,0.0000,1,2026,2026
1153,Joshua T. Wilde,MIT,1,0.1250,0.0000,1,2025,2025
1153,Omar Mouchtaki,NYU (Stern),1,0.1250,0.0000,1,2026,2026
1153,Salal Humair,UW (Foster),1,0.1250,0.0000,1,2026,2026
1153,Tianyi Peng,Columbia,1,0.1250,0.0000,1,2025,2025
1160,Aldo Carranza,Stanford,1,0.1111,3.0000,1,2022,2022
1161,Gregory M. Fischer,UC Berkeley (Haas),1,0.1000,2.6000,1,2023,2023
1161,James Chu,Columbia,1,0.1000,2.6000,1,2023,2023
1161,Joshua Cohen,Stanford,1,0.1000,2.6000,1,2023,2023
1161,Prashant Loyalka,Columbia,1,0.1000,2.6000,1,2023,2023
1165,Carey E. Priebe,Johns Hopkins (Carey),1,0.0833,1.1667,1,2025,2025
1165,Christopher White,UW (Foster),1,0.0833,1.1667,1,2025,2025
1165,Emily Cox Pahnke,UW (Foster),1,0.0833,1.1667,1,2025,2025
1165,Fereshteh Amini,UW (Foster),1,0.0833,1.1667,1,2025,2025
1165,Jeffrey Weston,UW (Foster),1,0.0833,1.1667,1,2025,2025
1165,Jonathan Larson,UW (Foster),1,0.0833,1.1667,1,2025,2025
1165,Joshua Vogelstein,Johns Hopkins (Carey),1,0.0833,1.1667,1,2025,2025
1165,Neha Parikh Shah,UW (Foster),1,0.0833,1.1667,1,2025,2025
1165,Nicholas Caurvina,UW (Foster),1,0.0833,1.1667,1,2025,2025
1165,Patrick Bourke,UW (Foster),1,0.0833,1.1667,1,2025,2025
1165,Tiona Zuzul,Harvard,1,0.0833,1.1667,1,2025,2025
1165,Youngser Park,Johns Hopkins (Carey),1,0.0833,1.1667,1,2025,2025
